date,avg_tmp,day_p,avg_wind,avg_rhum,t_sd,snow,avg_gtmp,season,CNT
2018-01-01,-1.3,,1.4,39.1,6.14,,-1.7,3,4950
2018-01-02,-1.8,,1.8,42,5.36,,-2.3,3,7136
2018-01-03,-4.7,,2.2,42.3,6.56,,-3.4,3,7156
2018-01-04,-4.7,,1.4,43,4.73,,-3.3,3,7102
2018-01-05,-3,,1.7,48.4,5.96,,-2.6,3,7705
2018-01-06,-2.8,,1.5,45.8,6.79,,-3.1,3,5681
2018-01-07,-0.8,,0.8,42.1,3.75,,-2.2,3,5220
2018-01-08,1.3,0.9,1.8,51.9,2.39,1,0.4,3,6309
2018-01-09,-4.2,0.5,2.9,59.4,5.6,0.5,-1.2,3,5988
2018-01-10,-7.5,0.3,3,52,6.85,0.3,-2.9,3,4476
2018-01-11,-11.1,,2.8,49.8,6.8,,-5.6,3,4337
2018-01-12,-10.2,0,1.7,35.4,7.11,,-6.1,3,4401
2018-01-13,-4.4,0.4,0.8,67.3,2.8,0.6,-2.8,3,3756
2018-01-14,0.6,,1.2,64.1,4.55,,-1.1,3,4675
2018-01-15,4.7,0.2,1.4,63.9,4.67,,1.5,3,6993
2018-01-16,3.5,0,0.7,59.1,2.4,,0.7,3,7421
2018-01-17,4.5,,1.2,64.1,4.17,,1.7,3,6990
2018-01-18,2.1,0,1.9,59.6,,,1.3,3,7054
2018-01-19,1,,1.6,43,6.56,,0.3,3,8329
2018-01-20,2.2,,1.6,57.6,4.51,,0.2,3,6148
2018-01-21,0.4,,1,36.6,5.88,,-0.5,3,5574
2018-01-22,0.2,3.3,1.5,56.5,1.91,1,-0.2,3,4929
2018-01-23,-11.7,,3.7,42,7.62,,-4.4,3,4263
2018-01-24,-14.2,,3.4,31.6,7.73,,-8.3,3,3370
2018-01-25,-14,,2.8,32.6,7.28,,-8.5,3,3307
2018-01-26,-14.8,,2.6,34.9,,,-9.3,3,3116
2018-01-27,-9.9,,1.4,37.4,7.5,,-7.5,3,2833
2018-01-28,-6.3,,2.6,36,6.38,,-4.4,3,3028
2018-01-29,-8.5,,2.7,35,7.68,,-6.2,3,4425
2018-01-30,-5.3,2.9,1.3,62,5.41,3.5,-4.6,3,3591
2018-01-31,-2.6,0,1.6,54.5,3.9,,-1.8,3,4104
2018-02-01,-4,,1.6,44.1,8.09,,-3.1,3,5821
2018-02-02,-2.4,,1.6,51.1,7.29,,-2.8,3,6557
2018-02-03,-7.3,0.5,3.8,47,13.65,0.3,-3.7,3,3499
2018-02-04,-9.5,,3.1,40.9,13.65,,-6.6,3,2642
2018-02-05,-9.4,,3,37.8,14.31,,-6.8,3,4213
2018-02-06,-10.1,,3.1,36.5,14.13,,-6.9,3,4257
2018-02-07,-8,,1.5,39.8,13.39,,-6.1,3,5028
2018-02-08,-4.4,,1.2,43.3,13.05,,-3.9,3,6114
2018-02-09,0.4,,1.1,43.9,6.56,,-1.3,3,6905
2018-02-10,-0.5,,3,47.4,9.41,,0.2,3,4829
2018-02-11,-6.1,0,2.7,42.5,12.26,,-3.4,3,3047
2018-02-12,-5.8,0,2.7,40.8,13.74,,-3.2,3,5231
2018-02-13,-0.8,,2.7,54.5,13.72,,-1.5,3,6863
2018-02-14,3.5,,2.6,51,6.92,,1.7,3,7477
2018-02-15,-0.7,,2.5,28,,,0.9,3,3935
2018-02-16,-1.1,,2.1,40.1,14.1,,-0.1,3,3047
2018-02-17,-3,,2.9,25.6,15.8,,-0.8,3,3494
2018-02-18,-0.4,,1.3,26.9,11.22,,-0.1,3,5191
2018-02-19,1.8,,1.5,48.6,10.08,,1.1,3,8563
2018-02-20,0.9,,2.5,41,13.56,,1.2,3,8899
2018-02-21,-0.9,,2.3,31.5,15.28,,0.2,3,8342
2018-02-22,1.3,0.4,2.2,59,9.45,0.4,0.2,3,8580
2018-02-23,4.2,3.7,1.9,81.1,9.43,3.7,2.4,3,6408
2018-02-24,2.4,,2.1,49.4,13.09,,2.8,3,7198
2018-02-25,1.9,,1.7,40.6,16.17,,2.7,3,7595
2018-02-26,3.1,,1.4,43.1,16.36,,2.5,3,10712
2018-02-27,4.2,,0.9,48.8,2.86,,0.4,3,10064
2018-02-28,4.6,25,2,73.3,1.71,,2,3,4230
2018-03-01,-0.2,0.5,3.8,61.9,17.94,,2.5,0,5761
2018-03-02,-0.7,,1.5,34,19.03,,1.1,0,9388
2018-03-03,7.9,0,1.5,38.1,18.04,,5.3,0,16029
2018-03-04,9.8,11.5,1.2,89.1,3.92,,7.6,0,5373
2018-03-05,5.5,3.5,2,67.5,13.8,,6.7,0,9943
2018-03-06,4.5,,1.6,46.8,17.85,,4.1,0,14028
2018-03-07,6.4,0.5,1.8,54,10.76,,4.4,0,12925
2018-03-08,4.6,4,1.9,76,10.3,,6.5,0,8812
2018-03-09,4.5,,1.5,63.3,10.22,,4.3,0,13573
2018-03-10,4.6,,2,65.8,16.45,,5,0,13324
2018-03-11,6.4,,2,51.3,18.11,,7.2,0,15136
2018-03-12,8,,1.4,45.8,13.92,,6.6,0,15913
2018-03-13,12.4,,1.8,60.5,14.17,,10.6,0,19514
2018-03-14,17,,2.3,58.8,15.46,,14.8,0,24911
2018-03-15,12.4,27,2.1,92.1,1.47,,12.2,0,7091
2018-03-16,7.1,,1.9,46.9,21.16,,9.6,0,18415
2018-03-17,6.6,,1.5,48,17.87,,7.9,0,20165
2018-03-18,8.2,0.5,1.2,55.9,7.19,,8.8,0,11740
2018-03-19,8,1,2.5,64.5,3.33,,7.5,0,10297
2018-03-20,4.7,,3.4,39.9,14.36,,5.2,0,13205
2018-03-21,2.1,1,1.7,64.1,6.13,,3.2,0,8225
2018-03-22,4.9,,2.2,61.5,20.45,,7.3,0,16420
2018-03-23,6.1,,2,55.3,19.08,,7.6,0,17904
2018-03-24,7.6,,2.1,61.9,15.35,,9.5,0,14914
2018-03-25,9.6,,1.7,65.6,19.12,,11.2,0,13942
2018-03-26,11,,1.9,64.5,19.06,,12.2,0,15505
2018-03-27,13.3,,1.6,61.1,15.98,,12.6,0,17456
2018-03-28,14,,2.2,66.4,13.94,,13.1,0,21232
2018-03-29,15.4,,1.6,66.3,14.86,,15.1,0,21436
2018-03-30,14.8,,1.7,55.6,20.01,,14.9,0,24411
2018-03-31,14,,1.9,52.9,17.08,,14.5,0,25673
2018-04-01,15.6,,1.5,68.8,7.25,,14.3,0,22994
2018-04-02,18.4,,1.9,64,14.14,,17.8,0,28139
2018-04-03,17.8,0.1,2.1,72.9,6.88,,17.2,0,26817
2018-04-04,13.4,18.5,1.9,67,19.56,,15.9,0,26034
2018-04-05,7.6,10.5,2,90.6,2.15,,8.9,0,2833
2018-04-06,5.8,6.5,3.1,71.6,11.19,,8.7,0,13297
2018-04-07,4.2,0.2,4.1,45.5,18.24,,6.2,0,13088
2018-04-08,3.9,3,1.8,59.6,7.93,,5.2,0,7758
2018-04-09,7.9,,1.1,57.9,21.52,,10,0,23925
2018-04-10,15.1,5,3.5,51,17.52,,13,0,20423
2018-04-11,12.6,,3,49.4,24.86,,15.1,0,25557
2018-04-12,13.3,,2.6,30.5,24.56,,13.6,0,28885
2018-04-13,14.6,,1.3,22.9,12.68,,12.1,0,29497
2018-04-14,9,9,1.8,78.8,3.49,,9.4,0,8216
2018-04-15,9.5,,2.4,65.5,17.29,,11.4,0,12721
2018-04-16,11.6,,1.6,41.9,24.79,,13.3,0,29589
2018-04-17,12.9,,1.9,37.9,24.03,,14.2,0,28236
2018-04-18,12.4,,1.9,35.4,25.09,,16.2,0,23499
2018-04-19,14,,1.9,38.8,22.36,,17.5,0,20400
2018-04-20,18.4,,1.3,46,22.68,,20.6,0,28351
2018-04-21,18.7,,1.9,32,26.14,,21.4,0,33144
2018-04-22,15.5,15.5,1.1,57.4,5.09,,14.4,0,8095
2018-04-23,9.3,59,2.2,93.9,2.59,,9.9,0,1037
2018-04-24,12.1,3,1.4,63.3,10.14,,12.6,0,24560
2018-04-25,14.6,,1.5,37.8,24.97,,16.1,0,33728
2018-04-26,14.9,,2.1,51.9,21.87,,17.9,0,32547
2018-04-27,15.7,,1.7,52.9,22.9,,19.3,0,32989
2018-04-28,15.4,,2,49,26.04,,20,0,33738
2018-04-29,16.2,,1.9,43.1,24.5,,20.5,0,35159
2018-04-30,19.2,,1.6,61.6,20.74,,23,0,32629
2018-05-01,20.4,0,1.5,72.8,12.42,,23.5,0,34593
2018-05-02,15.1,12,1.9,90.4,2.47,,16,0,8374
2018-05-03,11.2,1,2.7,62.4,12.18,,11.4,0,25963
2018-05-04,14.1,,2.7,45.5,27.26,,17.9,0,34058
2018-05-05,18.3,,2.6,46.8,22.26,,20.4,0,37389
2018-05-06,16.6,22,1.1,86.4,9.31,,17.2,0,19809
2018-05-07,19.2,,1.2,60.3,17.7,,18.4,0,40026
2018-05-08,17.5,,1.7,50.9,23.25,,21.3,0,33738
2018-05-09,15.7,,1.7,50.4,26.77,,21.7,0,37851
2018-05-10,15.4,,2.3,67.4,26.53,,22.5,0,36549
2018-05-11,16.1,,1.8,59.8,18.7,,21,0,33923
2018-05-12,14.2,32,0.9,89.3,1.32,,14.6,0,3551
2018-05-13,15.8,0.5,1.9,82.5,16.37,,18.4,0,35668
2018-05-14,18.2,,1.4,71.4,19.19,,21.2,0,35918
2018-05-15,23.2,0,1.1,56.4,21.18,,25.3,0,36476
2018-05-16,22.3,45,1.9,93.8,1.6,,21.6,0,7072
2018-05-17,20.9,83,1.4,97,3.96,,21.2,0,3802
2018-05-18,16.3,6.5,1.3,86.8,5.64,,18.2,0,19629
2018-05-19,17.6,,1.5,47.5,29.13,,21.2,0,43471
2018-05-20,17,,1.4,32.1,14.42,,16.9,0,39036
2018-05-21,17.8,,1.4,43.9,24.59,,21.8,0,42039
2018-05-22,18.1,12.5,1.1,75.5,10.87,,19,0,17444
2018-05-23,17.3,6.5,2.5,57.1,29.2,,21.9,0,35975
2018-05-24,18.3,,2.2,47.4,27.02,,22.1,0,36858
2018-05-25,19.7,,1.8,47.4,25.48,,23.1,0,37569
2018-05-26,21.8,,1.4,50.1,26.86,,26.3,0,37761
2018-05-27,20.3,,1.7,47.4,17.12,,23.6,0,39534
2018-05-28,22.3,,1.6,49.8,26.49,,27.9,0,40775
2018-05-29,21.4,1,1.8,69.3,13.34,,25.2,0,29925
2018-05-30,20.2,0,1.9,69.8,21.67,,24.8,0,39214
2018-05-31,20.9,,1.9,58.9,26.94,,28.3,0,41619
2018-06-01,23.8,,1.9,50.4,27.94,,30.6,1,41970
2018-06-02,23.4,,2,44.5,28.49,,30.8,1,41677
2018-06-03,24,,1.6,39.4,27.18,,31,1,40565
2018-06-04,22.6,,1.9,50.1,21.13,,27.4,1,44014
2018-06-05,23.7,,1.7,52.5,24.35,,30.7,1,44118
2018-06-06,23,,2,62.9,26.6,,30.9,1,40440
2018-06-07,22.2,,2,69.3,24.04,,30,1,42038
2018-06-08,21.9,,2.1,68,18.52,,31.1,1,46516
2018-06-09,23.7,0.5,1.4,60.6,20.24,,29.7,1,32839
2018-06-10,21.3,0.5,1.4,59.9,12.82,,23.7,1,39277
2018-06-11,20.2,5,1.4,67.3,11.27,,24.5,1,30605
2018-06-12,21.3,0,1.7,65.5,23.45,,26.2,1,46201
2018-06-13,22,0,1.5,64,15.75,,25.3,1,49116
2018-06-14,21.6,29,1.1,74.9,10.34,,22.7,1,30511
2018-06-15,21.7,16.5,1.4,60.8,23.64,,24,1,45103
2018-06-16,22.5,,1.4,56.4,28.06,,26.8,1,46457
2018-06-17,22.8,,1.3,66.9,14.78,,25.3,1,43484
2018-06-18,24.8,,1.5,54.9,26.17,,30.4,1,36316
2018-06-19,22.4,,1.8,61.3,17.65,,26.4,1,47296
2018-06-20,22.7,,2.3,68.1,24.52,,28.9,1,46612
2018-06-21,23.7,,2.2,60.1,28.21,,32.2,1,47762
2018-06-22,25,,1.8,45.1,27.4,,30.6,1,47478
2018-06-23,24.5,,2,50.6,22.19,,30.7,1,45663
2018-06-24,25.2,,1.9,62.8,25.7,,32.8,1,39548
2018-06-25,27.1,,1.2,57.1,20.44,,31.7,1,46565
2018-06-26,22.3,71.5,2.4,88.3,1.29,,22.5,1,6391
2018-06-27,22.3,1,2,81.9,13.56,,23.7,1,41128
2018-06-28,23.3,26.5,1.1,85.1,9.31,,24.5,1,27757
2018-06-29,24.7,6.5,1.5,78.5,18.79,,26.6,1,42765
2018-06-30,24.4,14.5,0.9,83.8,8.76,,24.7,1,26911
2018-07-01,21.9,83.5,0.8,94.6,2.09,,22.2,1,4358
2018-07-02,22.6,59.5,0.7,95.4,4.73,,23.5,1,6261
2018-07-03,27.4,0.1,0.8,74.4,22.88,,29.1,1,41350
2018-07-04,27.3,,1.7,69.6,22.43,,30,1,45741
2018-07-05,25.3,0.5,1.2,72.8,10.88,,27,1,39804
2018-07-06,23.9,,1.8,57.8,15.83,,27,1,49521
2018-07-07,23.7,,1.6,51.4,27.32,,30.9,1,48015
2018-07-08,23.3,,1.5,51.5,23.98,,29.8,1,48132
2018-07-09,20.8,14,1.1,82.3,4,,22.4,1,8155
2018-07-10,23.7,16.5,0.7,87.8,5.92,,23.9,1,27956
2018-07-11,26.8,3,1.3,82.9,8.74,,26.9,1,35390
2018-07-12,26.6,1,1.5,82.4,9.92,,27,1,43611
2018-07-13,27.3,,1.8,74.8,15.6,,28.9,1,44976
2018-07-14,27.9,0,1.9,69.6,21.51,,30.6,1,39205
2018-07-15,28.3,,1.6,69.6,22.91,,32.6,1,34957
2018-07-16,28.7,,1.7,64.3,26.67,,33.4,1,40964
2018-07-17,28.1,,1.7,66.5,25.57,,34.3,1,43323
2018-07-18,28.2,,1.6,64.8,25.14,,34.2,1,42609
2018-07-19,28.7,,1.6,64.1,27.8,,35.6,1,42316
2018-07-20,29.5,,1.5,62.6,25.73,,35.7,1,40337
2018-07-21,30.6,,1.5,53.6,26.62,,36.1,1,32360
2018-07-22,31.8,,1.4,49.6,25.51,,37.3,1,28250
2018-07-23,31.7,,1.8,53.8,18.94,,37.1,1,38003
2018-07-24,31.4,,1.6,59.5,18.42,,35.8,1,37486
2018-07-25,30.1,,2.4,66.3,14.36,,36.1,1,39225
2018-07-26,30.1,,1.5,68.8,12.21,,32.7,1,37796
2018-07-27,30.9,,1.9,69.3,19.29,,36.2,1,34985
2018-07-28,29.5,7.5,1.2,77.1,9.59,,30.1,1,24649
2018-07-29,31.3,,1.2,52.4,22.33,,32.2,1,28317
2018-07-30,31.7,,1.2,50.9,19.68,,34,1,36701
2018-07-31,32.6,,1.5,50.5,24.5,,38.8,1,35262
2018-08-01,33.6,,1.7,55.5,25.69,,40.1,1,31169
2018-08-02,33.7,,1.6,54.4,18.58,,36.8,1,31321
2018-08-03,33.1,,1.9,55.3,21.09,,39.3,1,31646
2018-08-04,31.1,,2.4,60.6,20.45,,37.8,1,28174
2018-08-05,30,2,2.6,71.8,20.62,,34.9,1,26989
2018-08-06,30.5,6.5,1.6,71.6,17.86,,31.4,1,29113
2018-08-07,30.5,,1.5,63.4,15.62,,29.7,1,36983
2018-08-08,31,,2.1,64.8,20.59,,35.5,1,37140
2018-08-09,28.8,2,1.5,76.3,11.11,,32.5,1,32216
2018-08-10,30.7,,1.4,60.9,21.85,,32.7,1,36178
2018-08-11,31,,1.5,55.8,21.37,,36.3,1,31293
2018-08-12,30.6,5,1.5,61.3,18.23,,34.7,1,27363
2018-08-13,30.5,1,1.4,68.6,12.29,,29.9,1,36076
2018-08-14,31.7,,1.3,58.3,18.37,,34.7,1,37659
2018-08-15,31.7,1,1.2,59.5,18.41,,34,1,29270
2018-08-16,29.9,,1.7,51,24.88,,35.5,1,41358
2018-08-17,27.2,,1.8,39.8,26.23,,34.6,1,47634
2018-08-18,26.7,,1.4,44.6,23.27,,34.1,1,45629
2018-08-19,28.2,,1.2,50.6,19.79,,34.4,1,42281
2018-08-20,29.1,0,2,55.6,15.07,,32.7,1,44243
2018-08-21,26.6,5,2.5,71.4,12.86,,27,1,41964
2018-08-22,30.7,,1.1,54.1,22.27,,34.6,1,42425
2018-08-23,29.4,3,1.7,59.1,9.3,,31.5,1,23616
2018-08-24,24.4,7.5,2.5,86.3,5.69,,24.7,1,17319
2018-08-25,25.2,,2.6,68,16.21,,25.6,1,47109
2018-08-26,23.2,2,1.2,70,13.54,,24.3,1,32200
2018-08-27,22.7,19.5,0.8,91,7.84,,24.4,1,23382
2018-08-28,23.7,96.5,0.9,92.4,4.42,,24.4,1,13495
2018-08-29,25.2,42,2.4,86,2.75,,24.8,1,13001
2018-08-30,25.3,9.5,1.8,80.9,8.74,,25.8,1,33158
2018-08-31,25.6,0.1,1.6,67.4,22.17,,27.2,1,46101
2018-09-01,25.5,,1.3,59.4,21.01,,26.5,2,43847
2018-09-02,25.1,,1.5,55.8,20.34,,28.4,2,48427
2018-09-03,23.3,34.5,1,85.3,3.36,,24.3,2,16086
2018-09-04,23.2,,2.2,69.4,21.64,,24,2,50500
2018-09-05,24,,2.5,63.5,22.46,,24.8,2,53984
2018-09-06,24.1,1,2,69.9,11.03,,24.7,2,46532
2018-09-07,22,0.5,2.5,54.6,19.58,,23.3,2,53230
2018-09-08,21.7,,1.7,48.8,22.75,,24.5,2,55470
2018-09-09,22.2,,1.2,49,21.4,,26.4,2,54213
2018-09-10,22.9,,1.6,49.5,19.84,,26.2,2,55188
2018-09-11,21.6,,1.5,48.1,17.85,,24.5,2,56212
2018-09-12,22.8,,1.4,52,20.39,,26.8,2,57363
2018-09-13,23.5,,1.2,63.5,12.93,,27.2,2,55791
2018-09-14,23.5,0.5,1.3,66.9,9.8,,25.4,2,49383
2018-09-15,23.3,0.2,1,76,7.44,,24,2,44808
2018-09-16,22.2,2,1.7,83.6,6.44,,23.2,2,24317
2018-09-17,22.3,0.1,1.9,64.3,20.42,,25.8,2,55335
2018-09-18,22,,1.2,59.8,15.85,,25.5,2,57691
2018-09-19,22.1,0.2,1,59.1,10.66,,24.4,2,44096
2018-09-20,19,5,1.8,82.4,4.08,,19.8,2,23616
2018-09-21,19.4,18,1.3,85.8,6.31,,20.8,2,32242
2018-09-22,20.8,6.5,1.8,62.3,19.06,,21.1,2,49688
2018-09-23,19.4,0,1.6,52.9,14.77,,19.9,2,38635
2018-09-24,17.6,,2.1,48.3,20.96,,19.3,2,36406
2018-09-25,17.8,,1.1,48,20.19,,19.8,2,49595
2018-09-26,19.4,,1.7,47.9,17.06,,21.8,2,57730
2018-09-27,18.9,,1.3,47.6,18.26,,20,2,58200
2018-09-28,17.5,,1.2,58.1,8.76,,18.6,2,59649
2018-09-29,20.2,,1,55.5,19.37,,21.9,2,63866
2018-09-30,17.6,,2.3,52.5,16.95,,21.2,2,55893
2018-10-01,15.4,0,2.9,55.1,15.1,,19,2,51808
2018-10-02,15.9,,1.6,61.4,18.84,,19.4,2,57280
2018-10-03,17.3,,1.3,58,18.49,,19.8,2,64671
2018-10-04,19.3,,1.3,56.5,15.88,,20.7,2,59413
2018-10-05,16.9,36.5,1.7,84.1,2.74,,17,2,7772
2018-10-06,18,55.5,2.2,84,6.86,,18.8,2,32510
2018-10-07,16.4,,1.7,53.5,15.65,,16.2,2,57873
2018-10-08,14.8,,1.1,47,15.28,,14.1,2,57247
2018-10-09,15.3,0,1.1,52.5,8.89,,14.3,2,61525
2018-10-10,12,7,2.5,61,10.3,,13.1,2,44876
2018-10-11,9.7,,2.1,51,15.42,,8.9,2,44489
2018-10-12,10.9,,1.3,54,17.67,,12.7,2,48529
2018-10-13,12.5,,1,54,16.78,,13.8,2,49203
2018-10-14,13.2,,1.5,60,16.08,,14.9,2,49025
2018-10-15,15.2,,1.4,69.9,11.26,,15.7,2,49503
2018-10-16,14.5,,1.3,55.9,13.15,,15.4,2,51236
2018-10-17,12.4,,1.3,53.3,16.44,,14.9,2,49795
2018-10-18,12.7,,1.1,59.5,13.37,,14.8,2,49560
2018-10-19,13.1,,1.4,54.3,16.23,,14.9,2,52122
2018-10-20,13.4,,1.2,53.9,15.97,,15.1,2,49815
2018-10-21,13.4,,1.1,49.5,15.77,,14.8,2,48346
2018-10-22,14,,1,50,12.13,,15.1,2,49889
2018-10-23,12.2,5,1.1,75.1,7.68,,13.1,2,40223
2018-10-24,12.5,,1.3,66,13.64,,12.4,2,50343
2018-10-25,13.8,,0.9,55.5,13.56,,12.7,2,52181
2018-10-26,12.2,11,1.6,74.1,3,,12.8,2,24308
2018-10-27,8.7,,3.2,49.6,11.6,,8.7,2,33699
2018-10-28,8.3,5.5,1.5,77.1,6.66,,8.8,2,20882
2018-10-29,7.2,0,2,57.3,9.84,,7.5,2,36107
2018-10-30,6.1,0,1.6,51.3,14.55,,6.9,2,37382
2018-10-31,7.4,0,1.6,55.4,14.51,,8,2,39009
2018-11-01,8.4,,1.3,53.4,13.95,,8.1,2,41911
2018-11-02,10.6,,1.1,54.9,13.52,,9.8,2,44917
2018-11-03,11.2,,1.3,56,13.59,,10.3,2,40640
2018-11-04,11.6,,1.3,55,13.41,,11,2,39973
2018-11-05,11.9,,1.1,65.5,11.09,,11.4,2,43870
2018-11-06,12.2,,0.9,70.5,7.85,,12,2,39680
2018-11-07,12.8,2,1.1,79.5,4.05,,13.2,2,29492
2018-11-08,11.8,64,1.8,93.8,1.31,,13.1,2,2730
2018-11-09,12.1,1,3.1,69,9.75,,12.5,2,34673
2018-11-10,11.9,0,1.4,69.1,11.14,,11.5,2,34194
2018-11-11,8.1,0,1.1,67.6,3.72,,8.1,2,23926
2018-11-12,8.1,,1.2,52.3,12.12,,7.1,2,38706
2018-11-13,8.8,,1.1,51.6,11.7,,7.8,2,40263
2018-11-14,9.8,,1.1,55.5,11.61,,8.4,2,41973
2018-11-15,9.7,,1,55.4,9.55,,8.6,2,39702
2018-11-16,8.8,,1.7,65.1,8.28,,8.9,2,37629
2018-11-17,4.9,,1.4,50.8,9.17,,3.9,2,28167
2018-11-18,6.1,,1.1,48.8,7.49,,5.6,2,26464
2018-11-19,6.5,,1.4,50.4,7.83,,5.6,2,34352
2018-11-20,6.5,0.2,1.8,39.9,11.03,,5.3,2,34855
2018-11-21,5.8,1,1.2,57.1,2.95,,6.3,2,28140
2018-11-22,2.3,,2.4,35,10.82,,2.2,2,29239
2018-11-23,1.9,,1.4,29.6,10.76,,1.5,2,28620
2018-11-24,2.6,10.9,1.8,71.1,3.38,8.8,0.6,2,11255
2018-11-25,4.8,,1,77.8,7.9,,3.3,2,19946
2018-11-26,6.3,,1,70.1,10.05,,4.7,2,30698
2018-11-27,7.1,,1.5,65,4.62,,5.2,2,28806
2018-11-28,5,,1.6,27.1,9.68,,3.2,2,29177
2018-11-29,3.5,0,1.3,41.4,2.81,,1.3,2,28977
2018-11-30,2.7,,1.4,46.1,10.22,,2.1,2,28557
2018-12-01,5.5,,1,42.3,9.88,,3.2,3,24622
2018-12-02,8.2,,1.3,50.1,5.59,,5.1,3,23035
2018-12-03,11.5,9.5,1.4,87.4,0.65,,9.4,3,10638
2018-12-04,6.7,5,2.7,74.9,3.33,,7.5,3,20029
2018-12-05,0,,1.5,39.5,6.33,,0.8,3,23535
2018-12-06,2.4,0,2.3,50.5,7.77,,2.6,3,23788
2018-12-07,-7.3,,3.8,37.1,10.91,,-3.3,3,15148
2018-12-08,-8.3,,2.6,37.1,10.75,,-5.2,3,9824
2018-12-09,-7.2,,1.5,27,10.57,,-4.9,3,8749
2018-12-10,-2.5,,0.9,33.3,9.46,,-2.3,3,17987
2018-12-11,0.2,,1.2,44.8,3.59,,-0.6,3,20805
2018-12-12,-1.9,,2.2,39,10.42,,-1,3,19339
2018-12-13,-2.2,1.3,2,57.4,5.83,1.7,-0.6,3,11765
2018-12-14,-4.4,,1.7,44.3,10.4,,-2.3,3,14932
2018-12-15,-2.4,,1,46.8,8.83,,-1.9,3,12720
2018-12-16,0,0.3,0.9,63.8,3.19,0.4,-0.3,3,10783
2018-12-17,1.6,0.3,1.8,60.1,8.92,,0.7,3,17449
2018-12-18,2.6,,1.4,56.3,7.67,,-0.4,3,20917
2018-12-19,4,,1.4,53.4,9.29,,2.6,3,21970
2018-12-20,3.4,,0.9,45.5,8.78,,2.1,3,22881
2018-12-21,5.6,,1.1,40.1,5.82,,2.1,3,23422
2018-12-22,6.9,,1.5,48.9,8.93,,5,3,17127
2018-12-23,2.4,,2.9,43,9.58,,3.3,3,13601
2018-12-24,-2.3,,1.6,35.9,10.5,,-0.2,3,16579
2018-12-25,0.6,,1.2,53.4,5.67,,-0.3,3,12437
2018-12-26,-1.5,,2.8,40.8,9.97,,1.4,3,17112
2018-12-27,-10.1,,3.5,28.3,10.44,,-4,3,11325
2018-12-28,-10.5,,2.5,33,10.36,,-5.4,3,10445
2018-12-29,-7.6,,2.9,29,10.57,,-4.3,3,8083
2018-12-30,-6.8,,1.2,35.9,10.48,,-4.3,3,7864
2018-12-31,-5.4,,1.2,39.6,9.16,,-4.5,3,11911
2019-01-01,-5,,2.1,49.5,7.84,,-3.9,3,8601
2019-01-02,-4.9,,1.7,42.8,10.48,,-3.3,3,14360
2019-01-03,-3.5,,1.4,38.8,10.28,,-2.6,3,16344
2019-01-04,-1.1,,1.2,55.5,6.2,,-1.4,3,17308
2019-01-05,-2.8,,2.2,40.3,10.05,,-1.2,3,12380
2019-01-06,-2.8,,1.2,35,9.64,,-1.2,3,11094
2019-01-07,-1.9,,1.4,46.4,8.71,,-2,3,16795
2019-01-08,-3.5,,2.6,31,10.46,,-2,3,15833
2019-01-09,-4.7,,1.3,28.8,8.47,,-4.1,3,15819
2019-01-10,-0.6,,1.3,48.8,5.92,,-0.7,3,17894
2019-01-11,2.4,,1,58.8,8.53,,1.2,3,19271
2019-01-12,2.8,,1.3,47.6,7.71,,2.6,3,14519
2019-01-13,1.2,,1.4,54.3,9.97,,0.5,3,11751
2019-01-14,1.4,,0.9,68.6,6.03,,-0.3,3,14818
2019-01-15,-1.7,0,2.7,58.8,6.93,,0.7,3,14761
2019-01-16,-5.2,0,2.3,45.9,10.36,,-1.8,3,15823
2019-01-17,-0.3,0,1.7,45.8,11.07,,0.7,3,17960
2019-01-18,0.6,,1.3,44,10.4,,-0.3,3,18901
2019-01-19,3.6,,1.2,59.8,6.27,,2.1,3,14883
2019-01-20,-1.4,,3.2,38.5,11.56,,1,3,11191
2019-01-21,-1.2,0,1.6,57.8,3.07,,-2.6,3,17240
2019-01-22,1.7,,1.7,62,9.85,,-0.7,3,19885
2019-01-23,2,,2.3,48.9,10.85,,1.3,3,19163
2019-01-24,0.1,,1.7,34.9,11.71,,0.2,3,20057
2019-01-25,-1.2,,2.6,27.6,11.56,,0,3,18159
2019-01-26,-2.5,,2.4,30.9,12.29,,-0.6,3,13203
2019-01-27,-0.1,,1.7,52.5,10.31,,-0.4,3,12440
2019-01-28,1.2,0,3.1,40.4,11.76,,2.1,3,17317
2019-01-29,-0.2,,1.5,35.5,11.87,,0.3,3,19477
2019-01-30,1.8,,1.5,54.6,9.13,,1.6,3,20677
2019-01-31,-2,,2.9,29,5.97,,0.6,3,17649
2019-02-01,-2.1,0.3,1.7,47.6,9.71,0.2,-2,3,17696
2019-02-02,1.4,0,1,60,4.48,,-0.2,3,13742
2019-02-03,3.3,16,1.7,92.9,0.54,,2.2,3,2010
2019-02-04,-0.6,,2.1,40.4,12.74,,1.4,3,8562
2019-02-05,2.8,,1,37.1,11.81,,1.9,3,9119
2019-02-06,5.1,,1.3,54.9,6.87,,2.5,3,13694
2019-02-07,-2.1,0.5,3.5,45.5,13.09,0,2.4,3,14533
2019-02-08,-6.1,,2.3,31.5,12.08,,-2.4,3,14782
2019-02-09,-5.4,,2.7,30,13.27,,-2.2,3,11760
2019-02-10,-5,,1.7,31.3,7.83,,-2.6,3,9759
2019-02-11,-3,,2.3,34.9,14.53,,-0.6,3,16881
2019-02-12,-0.6,0,1.9,35.5,12.34,,1.2,3,18862
2019-02-13,-2.1,,2.4,26.6,14.15,,0.4,3,18411
2019-02-14,-0.5,,1.4,24.3,14.39,,1.2,3,19376
2019-02-15,-0.8,2.2,1.9,72.8,3.57,2.9,-0.2,3,9213
2019-02-16,-2.7,0.2,2.6,59,13.19,0.3,1.1,3,12641
2019-02-17,-1.8,,1.9,47.4,16.08,,0,3,13390
2019-02-18,0.9,,1.3,43.5,10.19,,-0.6,3,19916
2019-02-19,1.4,4.6,1.4,80.8,3.43,3.3,0,3,11689
2019-02-20,1.7,0,2.1,67.8,6.26,,1.8,3,19572
2019-02-21,2.4,,1.5,59.4,14.6,,3.1,3,20995
2019-02-22,4,,1.5,56.1,15.33,,4,3,21727
2019-02-23,6.8,,1.1,41,16.04,,5.2,3,23742
2019-02-24,6.3,,1.8,45,16.07,,5,3,21933
2019-02-25,4.7,,2.3,55.8,14.21,,5.7,3,23445
2019-02-26,5.2,,1.6,32.8,16.25,,5.3,3,28010
2019-02-27,7.8,,1.6,31.3,12.84,,6.5,3,28652
2019-02-28,6.6,,2,39.5,14.07,,5.9,3,27431
2019-03-01,6.6,,2.1,42.3,15.38,,6.1,0,21751
2019-03-02,7.8,,1.1,37.6,13.57,,5.9,0,22503
2019-03-03,9.4,,1.5,36.4,15.37,,7.7,0,24382
2019-03-04,9.9,,1.9,46.1,14.87,,10.5,0,26887
2019-03-05,8.4,,2,66.3,9.21,,8.7,0,24042
2019-03-06,8.4,,2,55,10.39,,9.1,0,25379
2019-03-07,7,,2.2,51.1,15.76,,9.9,0,31156
2019-03-08,6.1,,1.9,39.4,18.67,,8.2,0,33073
2019-03-09,7.2,,1.3,31.8,14.44,,8.4,0,32421
2019-03-10,10.1,,1.2,26.4,8.91,,10.1,0,31050
2019-03-11,6.6,0,1.8,61,9.72,,8.1,0,28539
2019-03-12,3.9,0,2.7,55.1,5.15,,3.3,0,25537
2019-03-13,3.5,0,3.3,38.5,17.87,,6.6,0,28653
2019-03-14,5,0,1.9,45.3,14.02,,5.9,0,30997
2019-03-15,5.5,3.5,1.6,72.8,9.93,,10.9,0,20481
2019-03-16,4.3,,1.8,69.9,11.76,,5.3,0,26057
2019-03-17,6.3,,2,55.4,19.62,,8.8,0,35622
2019-03-18,7.1,,1.4,43.8,16.33,,8.3,0,36313
2019-03-19,10,,1.4,52,15.01,,10.3,0,39908
2019-03-20,10.3,16.5,1.4,79,4.38,,8.6,0,16204
2019-03-21,7.1,3.3,2.9,77.4,7.51,,8.3,0,26455
2019-03-22,3.3,,2.8,40.9,21.87,,5.5,0,32363
2019-03-23,3.3,1.7,2.4,46.9,12.62,,4.1,0,21696
2019-03-24,4.3,,2.3,45.4,22.16,,5.7,0,31622
2019-03-25,7.3,,2,56.1,7.53,,5.9,0,34226
2019-03-26,11.4,,2,51.1,20.42,,13.1,0,42644
2019-03-27,11.6,,3,66.4,10.84,,11.6,0,35832
2019-03-28,9.4,,2.6,49.9,18.21,,12.3,0,38806
2019-03-29,9.2,,2.1,33.1,21.22,,13.3,0,43893
2019-03-30,5.2,1.8,2.9,72,6.76,,6.9,0,14001
2019-03-31,4.4,0,3.2,46,8.22,,5.3,0,22326
2019-04-01,5.5,,2.5,39.8,23.42,,8.1,0,37660
2019-04-02,6.7,,2.2,36.9,22.96,,9.7,0,42029
2019-04-03,7.6,,2.3,36.1,22.61,,11.1,0,43257
2019-04-04,9.2,,2.5,43,22.72,,12.4,0,45681
2019-04-05,11.4,0,2.9,41,20.11,,14.2,0,45643
2019-04-06,9.3,0.8,1.1,39.9,4.48,,8.9,0,25902
2019-04-07,12.6,,1.7,43.1,21.77,,15.1,0,55943
2019-04-08,11.6,,2.5,25.6,23.74,,15.4,0,52643
2019-04-09,9.2,17.4,2.4,49.1,5.64,,10.3,0,24734
2019-04-10,7.1,5.6,1.8,78.4,6.98,,8.6,0,26421
2019-04-11,9.5,,1.9,58,20.94,,10.3,0,51013
2019-04-12,11.4,,2.2,48.5,23.73,,14.3,0,55125
2019-04-13,11.8,,1.8,34,22.96,,14.7,0,57020
2019-04-14,9.6,1.7,2.2,45.5,8.35,,9.5,0,28467
2019-04-15,11.6,,1.8,30.9,24.07,,13.4,0,55422
2019-04-16,14.9,,1.6,26.3,23.58,,15.9,0,60566
2019-04-17,15.3,,1.9,37.5,24.94,,18,0,62522
2019-04-18,12.6,0,2,74.4,5.88,,12.5,0,50439
2019-04-19,13.8,,1.6,57.5,15.84,,17.1,0,60925
2019-04-20,14.3,1.2,1.9,66.9,14.63,,17.5,0,51068
2019-04-21,14.8,0.3,1.9,77.8,13.42,,18.1,0,53339
2019-04-22,19.3,,1.4,50.6,23.42,,21.6,0,63995
2019-04-23,20.4,0,1.3,52,13.14,,20.3,0,58811
2019-04-24,19.5,4.1,1.6,70.4,18.91,,21,0,55815
2019-04-25,13.2,11.3,2,75.9,3.48,,14,0,22471
2019-04-26,8.4,4.9,1.5,82.1,3.51,,10.2,0,26484
2019-04-27,11.6,,1.7,52.6,23.24,,14.1,0,65124
2019-04-28,12.9,0,1.6,48.8,12.09,,13.9,0,56012
2019-04-29,13,,0.9,52.9,9.81,,12.3,0,63256
2019-04-30,15.5,,1.6,52.8,21.75,,18.1,0,70213
2019-05-01,16.4,,2.3,48.9,24.41,,20.2,0,76439
2019-05-02,17.1,,2.3,28.5,27.27,,21.3,0,72430
2019-05-03,17.9,,1.6,37.5,25.59,,21.9,0,73647
2019-05-04,19.5,,1.7,40.4,22.12,,22.3,0,66392
2019-05-05,19.2,,2.2,35.8,25.14,,23.9,0,66911
2019-05-06,14.5,0,3.1,27.1,28.25,,22.8,0,74806
2019-05-07,15,,2.3,33.4,27.02,,22.1,0,70506
2019-05-08,15.6,,2.3,48.3,23.39,,21.3,0,70426
2019-05-09,16.6,,2.2,43.3,25.46,,23.9,0,71707
2019-05-10,17.8,,1.9,48,25.19,,24.4,0,74960
2019-05-11,20.3,,1.8,39,25.19,,26.4,0,76110
2019-05-12,21.6,,1.5,36,21.82,,26.8,0,73318
2019-05-13,18.7,0,1.6,43.4,8.51,,19.2,0,68389
2019-05-14,19.6,,1.6,44.5,25.35,,25.8,0,78385
2019-05-15,20.7,,1.7,48.1,21.24,,26.8,0,76969
2019-05-16,23.5,,1.5,43.8,25.19,,29.9,0,75399
2019-05-17,23.6,,1.2,44.9,14.72,,26.1,0,79158
2019-05-18,22.8,0,2.1,46.8,16.28,,28.2,0,79583
2019-05-19,19.4,22,1.2,93,5.22,,20.4,0,12749
2019-05-20,16.4,8.7,3.4,63.6,24.95,,18.6,0,72066
2019-05-21,17.2,,2.9,52,28.89,,21.8,0,80599
2019-05-22,19.5,,2.4,46,27.5,,25.1,0,80735
2019-05-23,22.1,,1.7,45,27.36,,28.5,0,78504
2019-05-24,24.2,,1.7,46.4,26.13,,30.6,0,77190
2019-05-25,23.4,,1.6,45.6,18.83,,26.7,0,75791
2019-05-26,24.5,,1.8,39,25.81,,30.5,0,74327
2019-05-27,17.8,7.1,2.4,80.9,2.33,,18.2,0,30670
2019-05-28,18.1,,2.6,45.9,28.01,,21.8,0,83654
2019-05-29,20.3,,2,48.4,28.48,,26.2,0,83496
2019-05-30,19.6,0,2.4,48,18.28,,23.8,0,73814
2019-05-31,19.1,,2.8,49.6,27.46,,26.5,0,83765
2019-06-01,18.9,,1.9,60.5,21.1,,24.8,1,79878
2019-06-02,21.1,,1.7,42.1,26.48,,27.8,1,77091
2019-06-03,23.1,,1.8,42.9,25.57,,30.1,1,82911
2019-06-04,22.6,,2.2,56.4,26.21,,29.9,1,83576
2019-06-05,23,,1.8,63.8,24.14,,31.4,1,81515
2019-06-06,21.2,7.5,1.2,75.9,5.33,,22.4,1,36945
2019-06-07,20,35.3,1.9,77.3,13.41,,21,1,54701
2019-06-08,21.9,,1.4,57.5,21.14,,22.8,1,83736
2019-06-09,21.6,2.5,1.8,66.1,16.87,,23.7,1,60371
2019-06-10,18.4,9.5,1.6,70.3,11.01,,19.7,1,63032
2019-06-11,20.5,,1.4,51.1,21.58,,21.9,1,85776
2019-06-12,21.5,,1.8,57.1,25.26,,24.4,1,83506
2019-06-13,23,,1.7,51.9,27.4,,27.2,1,81540
2019-06-14,23,,1.8,54.8,19.46,,27,1,85533
2019-06-15,21.9,2.1,2.4,61.5,25.94,,26,1,71883
2019-06-16,22,,1.6,55.4,22.45,,24.7,1,81803
2019-06-17,21.7,0,2.3,59.1,25.36,,28.2,1,86987
2019-06-18,20.8,13.8,1.5,78.6,11.26,,22.5,1,42393
2019-06-19,21.4,0.2,1.9,77.8,11.24,,23,1,79958
2019-06-20,22.7,,1.9,70.6,20.91,,25.9,1,88226
2019-06-21,22.1,0.2,1.7,72.9,12.51,,25.2,1,81089
2019-06-22,24.2,,1.5,42.3,27.01,,28.8,1,85728
2019-06-23,25,,1.8,40.4,26.05,,30.7,1,79269
2019-06-24,25.2,,2,46.9,27.57,,32.4,1,88432
2019-06-25,25.6,,1.6,49.1,27.13,,32.6,1,88096
2019-06-26,25.5,0,1.3,52.6,12.11,,29.3,1,81274
2019-06-27,25.5,1.4,1.4,70.5,14.79,,29.5,1,79234
2019-06-28,24.7,0,1.7,67.3,10.92,,29.6,1,77056
2019-06-29,23.1,1.5,1.2,72,12.49,,24.4,1,67346
2019-06-30,23.9,0,2.3,73.5,16.32,,28.3,1,74994
2019-07-01,23.9,,2.3,64.4,20.33,,29.6,1,92814
2019-07-02,24.4,,2.3,63.5,21.13,,30,1,94783
2019-07-03,24.1,,1.7,64.6,12.62,,26.9,1,94773
2019-07-04,25.4,,1.9,59.6,27.41,,32.8,1,90397
2019-07-05,27.6,0,1.5,42.1,24.78,,32,1,83994
2019-07-06,29.7,,1.7,40.9,25.87,,37.1,1,70246
2019-07-07,26.7,,2.2,43.3,22.4,,33.8,1,75116
2019-07-08,25.1,,2,46.6,20.54,,32.9,1,93609
2019-07-09,25,,1.8,46.4,18.2,,29.8,1,95859
2019-07-10,22.7,8.5,2,64.1,13.4,,26.8,1,43842
2019-07-11,21.9,2.9,1.3,76.9,8.59,,23.2,1,65003
2019-07-12,23.6,,2,65.5,18.43,,26.1,1,94473
2019-07-13,24.9,0,1.7,67.3,15,,28.3,1,81067
2019-07-14,25.9,,1.6,64.6,20.36,,29.4,1,74259
2019-07-15,23.8,7.7,1.1,80,7.32,,24.6,1,57917
2019-07-16,24.7,6.3,1.3,79,13.41,,25.7,1,82285
2019-07-17,25.6,0.7,1.2,73.9,11.19,,26.4,1,84261
2019-07-18,26.9,,1.2,65,12.78,,26.5,1,81613
2019-07-19,28.6,0,1.5,61.3,21.8,,30.9,1,77449
2019-07-20,28,1.1,2.1,66.9,10.92,,28.4,1,56648
2019-07-21,25.1,6.2,2.2,87.1,6.18,,26.6,1,46130
2019-07-22,26.7,0.1,2.2,74.6,13.12,,26.9,1,82781
2019-07-23,28.1,,1.7,70.8,13.34,,29.3,1,83206
2019-07-24,26.5,1,1.6,82.3,3.17,,26.5,1,59020
2019-07-25,26.3,9.7,1.2,90.1,3.47,,26.6,1,34778
2019-07-26,25.1,60,1.7,95.3,2.35,,25.4,1,22789
2019-07-27,28.4,0.6,1.3,76.6,15.31,,29.6,1,50955
2019-07-28,26.1,25.6,2.2,88.3,2.87,,26.4,1,23342
2019-07-29,27.5,0.5,2.6,74.5,9.43,,27.5,1,74046
2019-07-30,28.1,1.2,3.4,75.3,8.26,,27.2,1,69757
2019-07-31,25.8,62.3,2.2,91.1,3.01,,25.7,1,26874
2019-08-01,26.3,26.9,1.7,86.4,13.55,,26.7,1,59803
2019-08-02,28.4,,1.2,74.6,15.74,,28.8,1,67510
2019-08-03,29.4,3,1.3,69,21.04,,30.5,1,49047
2019-08-04,28.3,8.6,1.2,75.9,17.53,,29.6,1,46477
2019-08-05,30.5,,1.1,65.5,20.66,,30.5,1,65085
2019-08-06,31.6,,1.5,51.4,22.91,,31.7,1,66703
2019-08-07,26.9,8,1.2,78.1,6.91,,27.5,1,50804
2019-08-08,28.9,0,1.6,71.4,15.87,,29.7,1,69748
2019-08-09,29.8,,1.3,69,19.37,,30.3,1,67491
2019-08-10,31.5,,1.5,57.9,22.69,,33.1,1,54162
2019-08-11,30.4,6.7,2.5,53.6,21.52,,33.2,1,43351
2019-08-12,26.6,56.2,1.3,91.8,4.8,,26.8,1,24386
2019-08-13,29.2,6.4,1.5,76.9,16.91,,30.7,1,63749
2019-08-14,30.4,,1.5,63.9,20.99,,30.5,1,65452
2019-08-15,25.9,16.2,1.3,82,5.51,,27,1,32229
2019-08-16,25.9,0.1,2.2,74.5,14.1,,27.3,1,71161
2019-08-17,25.9,0,2.5,69.5,13.25,,26.9,1,72259
2019-08-18,25.6,,1.7,66.5,18.61,,28.1,1,72588
2019-08-19,26.3,,1.1,60.6,18.16,,27.2,1,81832
2019-08-20,28.2,,1.5,56.3,21.06,,30.2,1,82116
2019-08-21,27,1.3,1.2,67.3,11.43,,29.2,1,56957
2019-08-22,26.9,,1.7,66.5,23.16,,31.5,1,82232
2019-08-23,26.2,,2.1,58.4,23.84,,31.7,1,86624
2019-08-24,24.1,,1.5,60.9,8.25,,26.7,1,85630
2019-08-25,25,,1.5,66.6,17.85,,30.9,1,81028
2019-08-26,26.4,,1.2,63.8,18.4,,31.5,1,87770
2019-08-27,25.7,20,1,71.1,13.22,,26.4,1,83107
2019-08-28,26.1,,1.9,66.2,,,27.7,1,88718
2019-08-29,23.4,36.9,2.2,77.1,,,25.9,1,65708
2019-08-30,22.6,0.2,2.4,66.3,17.84,,24.1,1,86733
2019-08-31,23.5,,1.9,65,21.07,,25,1,90724
2019-09-01,23.7,,1.4,64,15.17,,23.8,2,89191
2019-09-02,24.4,,1.6,56.6,16.85,,24.8,2,92510
2019-09-03,24.1,0,2.3,67.6,11.6,,26.3,2,74801
2019-09-04,22.8,22.7,2.5,89,5.68,,23.5,2,27168
2019-09-05,23,36.4,2,91.4,6.07,,23.7,2,33929
2019-09-06,25.3,2.4,2.1,79.8,9.29,,25.5,2,16631
2019-09-07,25.7,2.8,6,72.9,2.95,,24.1,2,0
2019-09-08,24.7,0,1.9,76.9,9.31,,25.1,2,52055
2019-09-09,25.1,0,1.7,74.3,10.04,,25.2,2,68370
2019-09-10,23.8,63.2,2.4,93.4,5.74,,24.4,2,18265
2019-09-11,24.3,7.6,3.1,71.4,16.56,,24.9,2,75328
2019-09-12,21,3.9,2.6,72.3,4.09,,21.9,2,32059
2019-09-13,23.3,0.1,1.7,60.4,21.35,,24.4,2,57065
2019-09-14,22.4,0.3,1.2,80,3.34,,22.9,2,48756
2019-09-15,24.2,,1.7,70.4,18.19,,25.2,2,82678
2019-09-16,24.5,,2.1,53,19.91,,27.4,2,89807
2019-09-17,23.5,,2.1,41.6,20.01,,25.4,2,92153
2019-09-18,21,,3.1,46,21.9,,25.4,2,92045
2019-09-19,19.5,,1.9,46.5,19.83,,23.3,2,91554
2019-09-20,19.6,,2.1,52.8,8.64,,21.5,2,94246
2019-09-21,19.6,,2,60.3,4.44,,20.8,2,86676
2019-09-22,18.6,0.4,3.8,63.4,3.2,,18.5,2,41173
2019-09-23,20,,2.2,51.1,16.92,,20.2,2,92006
2019-09-24,19.8,,1.8,61.3,20.17,,23,2,93546
2019-09-25,20.9,,1.4,64.4,16.44,,23.4,2,92665
2019-09-26,22.9,,1.9,59.3,15.5,,25.1,2,92247
2019-09-27,22.9,,1.9,57.5,10.42,,24.4,2,93345
2019-09-28,23.7,,1.7,58.9,15.97,,25.8,2,89550
2019-09-29,22.6,,1.7,60.6,18.83,,24.7,2,86133
2019-09-30,22.4,,1.6,61,18.37,,24.3,2,88270
2019-10-01,23.1,,1.8,67.1,13.05,,24.5,2,88575
2019-10-02,21.6,23.1,3,88,3.4,,22.2,2,27368
2019-10-03,22.4,4.6,2.8,73.4,10.14,,22.6,2,75438
2019-10-04,22.4,,2.1,71.5,16.23,,22.9,2,94912
2019-10-05,18.7,0.6,2.9,72.6,8.24,,20.8,2,83020
2019-10-06,18.1,,2.9,53.4,16.17,,19.1,2,82855
2019-10-07,14.8,25.4,1.8,92,1.49,,16.7,2,21875
2019-10-08,14.7,,2.6,58.8,16.78,,16.7,2,81524
2019-10-09,13.6,,1.7,48.3,17.42,,14.1,2,85638
2019-10-10,15.2,,1.3,60.9,8.06,,16,2,81742
2019-10-11,18.8,,1.9,60,16.44,,18.4,2,92155
2019-10-12,17.9,,3.5,49.3,17.37,,18.2,2,84843
2019-10-13,17.2,,1.9,52.6,16.52,,17.8,2,84368
2019-10-14,14.4,,2.5,56.9,14.54,,17.1,2,79509
2019-10-15,14.5,,1.6,55.6,14.07,,14.5,2,85516
2019-10-16,14.6,,1.6,58.3,15.6,,16.3,2,84549
2019-10-17,15.4,,1.7,56,12.02,,17.2,2,85596
2019-10-18,17,,2.4,58.3,12.08,,17.4,2,89551
2019-10-19,17,,1.8,63.8,15.17,,17.5,2,87553
2019-10-20,16.5,,1.3,70.3,14.67,,18.1,2,79300
2019-10-21,17.1,,1,61,14.4,,15.9,2,84488
2019-10-22,18.1,,1.6,56.1,13.66,,18.3,2,88478
2019-10-23,17,,2.4,57.3,8.08,,17.3,2,87991
2019-10-24,18.3,,2.7,47.6,11.56,,19.4,2,89520
2019-10-25,16.7,0,2.4,58,12.29,,17.2,2,84617
2019-10-26,10,,2.5,60,13.08,,12.6,2,67578
2019-10-27,11,,1.6,59,14.45,,12,2,65774
2019-10-28,12.9,1.7,2.5,65.9,11.62,,13,2,67175
2019-10-29,12.5,0.1,2.3,61,12.41,,12.4,2,71135
2019-10-30,11.2,,1.6,60.3,14.08,,11.2,2,76898
2019-10-31,14.8,,2.3,73.8,10.34,,14.2,2,76860
2019-11-01,14.9,,1.8,57.9,13.85,,14.8,2,77604
2019-11-02,13.6,,1.5,57.3,7.69,,13.5,2,68223
2019-11-03,14.7,,2.1,57.8,12.51,,15.1,2,67452
2019-11-04,13.8,,2.1,57.8,13.83,,13.7,2,78874
2019-11-05,12.4,,1.6,65.1,11.04,,12.4,2,78675
2019-11-06,11,,1.8,63.6,10.63,,11,2,74812
2019-11-07,9.2,,2.7,42.8,13.4,,10.3,2,68315
2019-11-08,6.8,,1.9,31.4,13.98,,7.3,2,65110
2019-11-09,9.5,,1.6,41.4,13.15,,8.6,2,60693
2019-11-10,10,11.8,2.1,59.6,6.6,,10.5,2,40503
2019-11-11,11.2,1.1,2.4,71.6,8.97,,11.4,2,58957
2019-11-12,9.3,,1.4,63.6,8.06,,8.5,2,68210
2019-11-13,7.2,7.5,2.8,72.3,1.25,,7.7,2,39198
2019-11-14,1.3,,2.9,30.6,13.15,,2.6,2,45095
2019-11-15,5.6,18.8,2,87.4,1.92,,6.2,2,15069
2019-11-16,6.8,,1.6,81.3,8.92,,7.6,2,45493
2019-11-17,8.3,21.1,3.1,79.4,1.32,,7.6,2,11303
2019-11-18,4.6,14.7,3.9,59.8,10.26,,6.9,2,37496
2019-11-19,0.2,0,2.8,48,11.93,,2.4,2,40356
2019-11-20,0.5,,1.8,35.5,12.18,,2,2,42026
2019-11-21,4.2,,1.9,37.4,7.4,,2.9,2,47091
2019-11-22,9.7,,2.1,34.1,11.2,,6.3,2,56700
2019-11-23,12.1,,1.8,52,8.5,,8.7,2,54283
2019-11-24,9.8,3.8,2.2,74.6,3.84,,8.7,2,24304
2019-11-25,1.9,,2.7,62.1,7.87,,3.8,2,42677
2019-11-26,6.6,,2,64,9.78,,5.7,2,52464
2019-11-27,3.1,,2.7,50.8,10.43,,3.7,2,46248
2019-11-28,3.5,,2,52.4,11.21,,3.8,2,46983
2019-11-29,1.5,,2,42.8,11.4,,2.4,2,44689
2019-11-30,4.1,,1.7,42.6,8.01,,3.2,2,38366
2019-12-01,4.6,3.3,1.6,79.4,1.89,,5.2,3,"9,680"
2019-12-02,-0.1,,3.1,48,10.42,,2,3,"34,397"
2019-12-03,0.5,0.6,1.6,61.3,5.01,,1.4,3,"33,580"
2019-12-04,2,0,1.8,41.6,10.18,,2.5,3,"38,576"
2019-12-05,-4.4,,3.2,31.9,11.34,,-0.4,3,"29,277"
2019-12-06,-5.9,,1.7,34.5,11.24,,-2.9,3,"26,723"
2019-12-07,-2.4,0.1,1.7,65,2.86,0,-1.3,3,"23,013"
2019-12-08,-0.9,,1.4,65.1,10.65,,-1,3,"22,597"
2019-12-09,3.2,0,2.5,56.8,3.46,,0.7,3,"34,140"
2019-12-10,8.1,1.7,1.2,82.3,5.03,,5.9,3,"33,275"
2019-12-11,6.3,0.2,3.4,62,5.75,,5.8,3,"34,049"
2019-12-12,-0.7,,1.8,45.4,10.73,,0.6,3,"33,704"
2019-12-13,2.1,1,2,53.6,6.07,,1.1,3,"34,258"
2019-12-14,2.7,0,2.3,58.3,10.07,,3.1,3,"27,424"
2019-12-15,5.3,,2,52.5,8.91,,3.1,3,"29,692"
2019-12-16,7.8,,1.9,58.9,7.71,,4.6,3,"41,750"
2019-12-17,7.7,9.8,2.3,81.4,1.17,,6.9,3,"25,644"
2019-12-18,0.8,,2.5,64.6,9.83,,2.4,3,"34,899"
2019-12-19,-0.8,0,2.4,47.8,9.96,,0.5,3,"32,972"
2019-12-20,-1.1,0,2.3,45.3,10.45,,0.3,3,"32,521"
2019-12-21,-1.2,0.6,1.7,68.1,3.35,,-1.4,3,"20,302"
2019-12-22,4.1,0.3,1.7,63.4,7.2,,2.2,3,"24,430"
2019-12-23,3.4,2.9,2,80.4,5.1,,3.4,3,"29,028"
2019-12-24,0.8,,1.4,67.9,9.43,,1.4,3,"33,334"
2019-12-25,2,,1,60.8,6.64,,1.5,3,"22,428"
2019-12-26,2,0.3,2.4,59,3.72,,2.4,3,"25,007"
2019-12-27,-1.7,,2.1,45.4,10.36,,-0.9,3,"29,243"
2019-12-28,1.1,,2,47.6,8.09,,-0.7,3,"26,046"
2019-12-29,3.8,1.4,2.9,52.5,3.28,,1.7,3,"18,701"
2019-12-30,2.7,0.4,2.9,70.3,2.24,,3.3,3,"22,952"
2019-12-31,-7.9,0,3.1,39.3,11.11,,-3.5,3,"18,436"
2020-01-01,-2.2,0.1,0.6,64.4,4.53,0,-0.9,3,"16,236"
2020-01-02,1,,1.2,65.4,3.47,,0.1,3,"28,890"
2020-01-03,-0.1,,1.7,56.9,10.1,,-0.4,3,"30,809"
2020-01-04,1.2,,1.9,50.8,9.29,,0,3,"25,709"
2020-01-05,1.3,,1.1,45.6,9.1,,-0.5,3,"23,206"
2020-01-06,3.1,1.8,3.1,65.4,2.03,,1,3,"15,381"
2020-01-07,6.3,46.3,4,95,0.75,,5.1,3,"1,920"
2020-01-08,2.4,11.6,3.3,86.1,1.84,,4,3,"21,522"
2020-01-09,-1.2,,2.3,65.3,9.14,,1.3,3,"28,711"
2020-01-10,-0.6,,1.5,62.9,9.39,,0.2,3,"29,395"
2020-01-11,-0.1,,1.9,60.9,10.13,,0.1,3,"23,246"
2020-01-12,-1,,2.4,61.5,10.33,,0.4,3,"19,842"
2020-01-13,-2.9,,2.3,51,11.15,,-1.3,3,"26,786"
2020-01-14,-2.3,,1.6,45.3,10.06,,-1.6,3,"28,435"
2020-01-15,-2.7,,1.9,44.8,11.6,,-2,3,"28,391"
2020-01-16,-1.7,,1.6,43,10.75,,-1.6,3,"29,026"
2020-01-17,-0.6,,1.5,43.9,9.85,,-0.8,3,"29,626"
2020-01-18,0.3,,1.8,48.1,11.38,,-0.6,3,"24,635"
2020-01-19,1.9,0.6,2.2,62.8,6.08,0.3,0.5,3,"17,682"
2020-01-20,0.7,,2.5,46.8,10.24,,-0.1,3,"28,611"
2020-01-21,-0.4,,1.4,36.9,11.55,,-0.8,3,"30,618"
2020-01-22,3,,1.7,36,6.8,,1.3,3,"33,011"
2020-01-23,4.6,,2,49.3,10.73,,2.2,3,"34,466"
2020-01-24,2.8,,1.7,63,10.53,,1.9,3,"19,230"
2020-01-25,4.3,,1.5,63.1,7.86,,2.4,3,"15,233"
2020-01-26,5.5,,2.7,56.3,11.21,,3.5,3,"22,685"
2020-01-27,5.9,0.1,4.6,48.1,2.76,,3.6,3,"16,836"
2020-01-28,6.8,0,2.6,49.4,3.98,,4.6,3,"32,098"
2020-01-29,6,,2.1,46.4,7.3,,3.7,3,"37,990"
2020-01-30,5.2,,1.8,47,9.24,,3,3,"38,079"
2020-01-31,3.9,0,2.3,59.6,9.41,,2.8,3,"35,857"
2020-02-01,2.6,,1.7,66.6,7.17,,2.3,3,"27,151"
2020-02-02,1.5,,1.8,52.3,8.39,,1.9,3,"22,384"
2020-02-03,-0.4,0,3.1,43.6,13.56,,2.3,3,"29,681"
2020-02-04,-1.6,1.7,2.8,50.3,10.01,0.8,0.3,3,"23,006"
2020-02-05,-8.3,,3.3,37.3,14.82,,-2.5,3,"20,311"
2020-02-06,-6.4,,1.9,36.4,13.97,,-2.7,3,"22,401"
2020-02-07,-1.7,0,2,45.1,10.14,,-0.4,3,"26,540"
2020-02-08,-0.1,0,3,48.1,13.89,,1.4,3,"22,046"
2020-02-09,-0.5,0,2,51.1,14.33,,0.5,3,"21,099"
2020-02-10,4,0,1.7,49.4,14.22,,3.4,3,"33,956"
2020-02-11,6.8,,1.6,37,10.91,,0.6,3,"40,563"
2020-02-12,7.4,6.7,2.2,73.4,2.86,,5.8,3,"10,698"
2020-02-13,6.5,,1.7,84.8,6.43,,6.6,3,"34,375"
2020-02-14,8.1,,1.2,70.3,13.13,,6.9,3,"41,229"
2020-02-15,9.8,2,2.7,63,8.77,,6.6,3,"29,837"
2020-02-16,-1.4,13.4,4,81.1,4.14,4,2.2,3,"6,798"
2020-02-17,-5.9,1,3.4,64.3,7.08,3.8,0.3,3,"13,777"
2020-02-18,-4.1,,2.3,44,16.78,,-0.1,3,"19,773"
2020-02-19,1,,1.5,56.8,12.13,,1.8,3,"32,721"
2020-02-20,4.6,,1.7,62.6,13.71,,4,3,"36,027"
2020-02-21,6.7,4.2,2.2,66.3,6.5,,4.4,3,"29,779"
2020-02-22,4,3.1,4,62,9.06,,4.2,3,"18,290"
2020-02-23,2.5,,2,48.6,17.37,,3.6,3,"25,159"
2020-02-24,7,,1.6,51.8,13.21,,6.1,3,"36,094"
2020-02-25,6.7,16.6,4.2,73.5,4.11,,6,3,"15,939"
2020-02-26,6.4,0,2.1,59.6,10.45,,5.4,3,"35,773"
2020-02-27,6.1,,2,54,16.77,,6,3,"38,526"
2020-02-28,4.5,3.9,1.4,79.4,2.41,,4.7,3,"12,644"
2020-02-29,7.7,0.5,1.7,68.6,17.12,,8.4,0,"35,697"
2020-03-01,5.8,0.2,2,71.8,5.4,,5.5,0,"24,431"
2020-03-02,3.4,0,2.7,55.3,17.08,,5,0,"36,641"
2020-03-03,4.8,,2.6,57,10.62,,3.7,0,"39,447"
2020-03-04,2.2,0,3.7,53.4,10.41,,4,0,"31,269"
2020-03-05,1.4,,2.5,47.5,19.25,,3.8,0,"35,851"
2020-03-06,3.7,,1.6,46.8,16.82,,4.5,0,"40,897"
2020-03-07,7,,2,39.5,13,,7,0,"42,379"
2020-03-08,9.3,,1.6,43.8,18.27,,8.6,0,"54,245"
2020-03-09,11.1,,1.8,37.6,14.19,,9.7,0,"53,020"
2020-03-10,6.4,11.8,2.8,78.4,2.72,,6.5,0,"10,606"
2020-03-11,3.8,,3.3,41.8,20.72,,4.8,0,"45,245"
2020-03-12,6.8,,2.5,49.8,14.32,,5.5,0,"50,094"
2020-03-13,4.9,0.5,3.3,41,17.82,,7.7,0,"43,554"
2020-03-14,3.6,,3,48.1,18.6,,5.6,0,"42,569"
2020-03-15,4,,3.6,48.3,17.29,,6.2,0,"33,215"
2020-03-16,3.6,,2.8,42.4,21.18,,6.1,0,"42,441"
2020-03-17,6.6,,2.1,65.8,6.89,,7.5,0,"47,241"
2020-03-18,10,,1.8,45.8,20.66,,9.8,0,"62,119"
2020-03-19,9.1,0,4.8,49,15.51,,9.9,0,"24,256"
2020-03-20,8.8,,3.1,39.6,20.58,,9.9,0,"53,839"
2020-03-21,12.8,,2,56.5,14.83,,13.9,0,"63,759"
2020-03-22,11,,3,37.5,22.54,,13.6,0,"64,436"
2020-03-23,10.6,,1.9,37.9,20.72,,12.6,0,"63,686"
2020-03-24,11.4,,1.8,35,21.06,,13.2,0,"69,998"
2020-03-25,12.5,,1.9,33.6,19.29,,13.9,0,"73,460"
2020-03-26,14.8,1.8,1.9,53.8,11.97,,13.5,0,"47,633"
2020-03-27,11.9,2,3.3,56.4,17.04,,14.4,0,"60,183"
2020-03-28,7.7,,3.2,17.9,19.87,,10.8,0,"64,677"
2020-03-29,8.7,,2,30.6,23.12,,11.8,0,"68,430"
2020-03-30,10.2,,1.8,38.4,22.73,,13.3,0,"69,293"
2020-03-31,11.9,,2,34.5,20.68,,14.5,0,"74,621"
2020-04-01,11.3,,3.7,35.6,19.12,,15,0,"70,258"
2020-04-02,9.3,,2.3,41.4,21.25,,13.1,0,"72,129"
2020-04-03,10,,2.7,53.8,22.56,,14.2,0,"74,856"
2020-04-04,8.9,,3.4,36.4,23.33,,13.8,0,"66,405"
2020-04-05,7.2,,2.8,29.5,24.58,,12.4,0,"64,111"
2020-04-06,9.3,,2.4,38.3,22.51,,13.8,0,"68,414"
2020-04-07,10.6,,2.5,56.6,19.3,,14.8,0,"73,685"
2020-04-08,9.4,,3.5,25.5,24.86,,14.3,0,"72,863"
2020-04-09,8.9,,2.8,44.6,24.79,,14,0,"73,382"
2020-04-10,10.7,,2.4,52.6,21.07,,17,0,"75,021"
2020-04-11,9.9,,2.5,63.8,19.4,,15.6,0,"75,637"
2020-04-12,9.9,,3.8,58.6,19.25,,13.2,0,"63,335"
2020-04-13,12.4,,3.1,39.4,26.02,,18,0,"77,604"
2020-04-14,13,,2.4,46.8,25.93,,18.7,0,"83,798"
2020-04-15,13.2,,2.2,39.8,21.49,,17.5,0,"89,789"
2020-04-16,16,,2.3,39.9,22.96,,20.1,0,"83,970"
2020-04-17,12.5,6.5,2.4,77.8,4.23,,12.1,0,"35,656"
2020-04-18,13.5,,2.6,67.9,23.09,,18.1,0,"92,829"
2020-04-19,12.3,10.3,2.7,75.8,5.25,,12.5,0,"29,375"
2020-04-20,10,0.1,3.3,73,7.34,,10.2,0,"56,129"
2020-04-21,7.4,,4.4,49,23.63,,12.2,0,"58,746"
2020-04-22,6,0,4,46.8,15.89,,9.8,0,"51,337"
2020-04-23,7.9,,3.7,47.8,25.72,,12.7,0,"64,765"
2020-04-24,9.9,,3.9,55.6,26.61,,14.5,0,"72,883"
2020-04-25,13.1,,3.9,54.4,18.9,,15.7,0,"78,419"
2020-04-26,12.3,,3.2,43.1,28.36,,18.3,0,"82,600"
2020-04-27,12.9,,2.8,49.8,22.98,,17.1,0,"77,149"
2020-04-28,13.9,,3,50,26.97,,20.1,0,"86,541"
2020-04-29,14.9,,2.6,48.6,26.1,,21.1,0,"88,827"
2020-04-30,17.1,,2.7,57.1,24.03,,23,0,"96,877"
2020-05-01,20.2,,2.7,73.6,18.96,,25.7,0,"93,249"
2020-05-02,20.3,0,2.3,79.6,9.43,,22.7,0,"88,508"
2020-05-03,21.8,0,2,68.8,19.41,,26.7,0,"89,287"
2020-05-04,20.2,,2.7,63.9,25.42,,28.9,0,"93,579"
2020-05-05,16,,1.9,67.9,9.41,,17.1,0,"88,219"
2020-05-06,19.4,,2.1,50,28.51,,26.5,0,"88,561"
2020-05-07,20.7,,2.5,32.5,23.93,,25.7,0,"90,645"
2020-05-08,19.9,2.3,2.4,32.8,23.26,,27.3,0,"63,474"
2020-05-09,14.2,24.4,3.6,94.4,3,,15.1,0,"7,600"
2020-05-10,14.4,1.3,2.5,88.6,6.77,,15.7,0,"65,932"
2020-05-11,16.5,3.4,3,61,22.98,,20.2,0,"76,042"
2020-05-12,14.3,0.7,2.9,69.4,13.6,,17.6,0,"78,200"
2020-05-13,16.1,,2.8,47.3,29.7,,20.5,0,"89,183"
2020-05-14,19.3,,2,35.4,20.64,,21.8,0,"89,149"
2020-05-15,16.1,12,3,81.4,3.43,,15.9,0,"13,782"
2020-05-16,16.7,2.5,1.6,90.3,7.6,,18.3,0,"64,549"
2020-05-17,19.1,0,1.7,80.1,15.26,,21.2,0,"89,449"
2020-05-18,19.1,29.8,2.4,79.4,14.07,,21.6,0,"36,761"
2020-05-19,13,19,3.2,73.6,15.29,,16.1,0,"55,556"
2020-05-20,14.4,0,1.9,60.4,20.91,,17.3,0,"88,257"
2020-05-21,17.4,,2.1,56.1,24.35,,20.5,0,"93,930"
2020-05-22,18.5,0,1.9,68.5,13.07,,20,0,"89,317"
2020-05-23,20.1,0,2.2,66.1,23.24,,23.3,0,"101,256"
2020-05-24,17.1,14.5,2.9,84.8,10.59,,19,0,"80,357"
2020-05-25,16.6,,2.1,81,16.88,,20.3,0,"92,531"
2020-05-26,16.2,1.5,2.1,81.9,18.49,,19.2,0,"68,498"
2020-05-27,17.4,,2.6,68.5,30.06,,21.4,0,"101,949"
2020-05-28,18.7,0,1.9,62.8,22.83,,20.5,0,"99,792"
2020-05-29,20.7,,2,65.6,28.09,,24.3,0,"103,999"
2020-05-30,22.6,,1.9,57.3,26.5,,27.6,0,"105,172"
2020-05-31,21.2,1,2.3,63,19.15,,25.7,1,"93,547"
2020-06-01,19.7,0.4,3.4,64.3,30.35,,26.6,1,"99,930"
2020-06-02,17.9,2,2.2,71,5.89,,18.3,1,"79,833"
2020-06-03,22,,2.4,73.3,24.64,,27.1,1,"103,887"
2020-06-04,21.9,0.2,2.7,81.1,19.77,,26.8,1,"97,656"
2020-06-05,23,,1.8,69.4,23.36,,29.8,1,"107,343"
2020-06-06,24.6,,2,63.6,23.38,,31.4,1,"105,033"
2020-06-07,22.7,,2.3,69.4,26.04,,30.2,1,"101,848"
2020-06-08,25,,2.1,63.6,26.13,,32.7,1,"103,582"
2020-06-09,26.7,,2.3,51.6,28.36,,34.1,1,"102,084"
2020-06-10,25.8,6.2,2,63.8,18.85,,32.8,1,"58,133"
2020-06-11,26.1,0,2.2,68.3,26.03,,30.1,1,"100,031"
2020-06-12,24.7,,1.7,68.6,11.51,,25.8,1,"109,210"
2020-06-13,26.9,0,1.9,52.8,28.11,,34.6,1,"90,396"
2020-06-14,24,1.1,2.9,70.6,22.52,,29.6,1,"94,406"
2020-06-15,23,,2.8,62.3,26.53,,31.1,1,"108,320"
2020-06-16,24.4,,2.2,63,24.74,,32.2,1,"106,519"
2020-06-17,24.3,,2,58.6,21.25,,31.1,1,"107,723"
2020-06-18,23.4,,1.6,61.4,11,,26.7,1,"110,377"
2020-06-19,24.7,0.1,2.1,61.4,19.6,,29.6,1,"109,124"
2020-06-20,24.9,,2.1,62.6,24.75,,31.9,1,"102,333"
2020-06-21,26.1,,2,59.5,27.82,,34.1,1,"95,453"
2020-06-22,28.6,,2,50.5,28.95,,36.3,1,"98,394"
2020-06-23,27.3,0,1.9,53.5,16.97,,32.1,1,"103,214"
2020-06-24,22.3,37.6,2.7,83.5,2.91,,22.7,1,"19,756"
2020-06-25,21.6,13.3,2.2,91,6.11,,23,1,"46,415"
2020-06-26,21.8,2.1,3.2,82.1,13.03,,22.9,1,"96,150"
2020-06-27,24.1,0,2,70.4,22.18,,25.2,1,"107,001"
2020-06-28,25.2,,2.4,70.5,28.6,,28.6,1,"98,568"
2020-06-29,23.8,11.9,2.4,77,8.4,,23.9,1,"70,053"
2020-06-30,20.1,64.7,4,83,6.2,,20.8,1,"38,086"
2020-07-01,21.1,0,1.9,79.3,9.47,,21.3,1,"105,196"
2020-07-02,24.2,,1.9,74.5,19.15,,24.5,1,"107,842"
2020-07-03,25.5,0.1,2.6,63.5,27.47,,28.6,1,"102,753"
2020-07-04,24.2,1.6,2.1,63.9,26.88,,28.2,1,"98,488"
2020-07-05,23.8,,1.9,68.6,20.85,,26.7,1,"104,664"
2020-07-06,25.6,,2.1,66.6,19.28,,28.5,1,"106,825"
2020-07-07,24.1,0,2.5,75.5,15.15,,28.3,1,"91,407"
2020-07-08,25.5,,2,71.9,25.81,,30.5,1,"105,876"
2020-07-09,27.5,,1.7,64.6,23.1,,31.9,1,"102,828"
2020-07-10,24.5,2.2,2.8,75,12.3,,25.2,1,"90,880"
2020-07-11,25.8,,2.6,62.6,21.82,,29.7,1,"103,657"
2020-07-12,23.5,2.9,2.4,71.9,7.67,,25.3,1,"57,367"
2020-07-13,18.7,47.6,4,94.8,4.58,,20.1,1,"4,859"
2020-07-14,20.3,11.5,2.8,79.4,12.46,,22.6,1,"85,486"
2020-07-15,23.4,,2,63.1,26.6,,26.4,1,"106,949"
2020-07-16,25,,1.8,70.9,25.76,,27.4,1,"102,741"
2020-07-17,26,0,1.9,72,22.28,,28.3,1,"99,949"
2020-07-18,26.1,,1.6,71.6,15.49,,27.9,1,"98,309"
2020-07-19,24,29.1,2.7,81.6,4.92,,22.9,1,"60,804"
2020-07-20,23.8,3.6,3.7,86.3,5.15,,23.8,1,"72,291"
2020-07-21,25,0,1.6,77,17.83,,25.6,1,"100,825"
2020-07-22,23.7,11.5,1.6,89.3,4.5,,24,1,"46,448"
2020-07-23,21.1,103.1,3.6,95.5,2.72,,21.8,1,"10,739"
2020-07-24,22.5,2.9,4.6,74.3,10.46,,21.2,1,"76,995"
2020-07-25,24.3,0,3.1,69.3,15.59,,23.9,1,"102,498"
2020-07-26,25.4,0,2,69.3,18.14,,25.6,1,"94,802"
2020-07-27,24.3,2.2,2.2,86.4,7.72,,25.2,1,"52,922"
2020-07-28,24.4,0.4,2,84.8,8.38,,25,1,"68,214"
2020-07-29,23.7,50.1,2,95.8,3.18,,23.9,1,"31,724"
2020-07-30,25.3,0.1,2.1,85.5,15.34,,26.9,1,"92,468"
2020-07-31,26.2,1.5,2,81.9,14.5,,27.2,1,"95,705"
2020-08-01,25.3,39.1,1.7,90.9,5.31,,25.7,1,"34,998"
2020-08-02,24.9,31.4,2.3,96.3,2.55,,25.2,1,"11,491"
2020-08-03,25,102.6,3,96.3,3.09,,25.1,1,"17,575"
2020-08-04,27,3.9,3.5,89.3,8.06,,26.9,1,"49,378"
2020-08-05,26.5,18.5,1.9,92.1,5.02,,26.7,1,"28,751"
2020-08-06,24.1,75.7,3.3,92.8,6.74,,24.8,1,"51,456"
2020-08-07,24.3,0,1.8,85.3,6.7,,24.8,1,"78,071"
2020-08-08,24.2,19.1,2.3,89.5,6.96,,24.9,1,"40,020"
2020-08-09,24.9,50.3,2.6,95.4,1.43,,24.3,1,"12,384"
2020-08-10,26.5,44.6,2,91.6,7.77,,26.4,1,"23,519"
2020-08-11,24.6,97,2.2,92.5,7.44,,25.2,1,"50,974"
2020-08-12,27.2,,1.9,83.9,13.62,,28.3,1,"78,261"
2020-08-13,28,,2.5,82.4,7.96,,27.4,1,"79,353"
2020-08-14,27.1,0.4,3.5,86.1,4.14,,26.3,1,"72,875"
2020-08-15,26.1,69,1.9,96,3.25,,25.9,1,"26,267"
2020-08-16,27.4,,3,82.6,14.3,,27.9,1,"66,011"
2020-08-17,28.2,,2.3,77.9,18.44,,29,1,"73,368"
2020-08-18,27.5,,1.6,76.3,19.81,,29.1,1,"82,202"
2020-08-19,27.1,,2,76.8,22.54,,28.6,1,"84,665"
2020-08-20,27.7,,1.7,76,15.16,,27.6,1,"85,420"
2020-08-21,26.6,2.5,1.6,83.1,8.74,,27.6,1,"78,701"
2020-08-22,24.3,42.6,2.1,87.4,7.56,,25.2,1,"40,126"
2020-08-23,25.3,,1.9,78.4,18.72,,27.2,1,"80,594"
2020-08-24,27.8,,2.2,71.6,20.25,,28.6,1,"90,297"
2020-08-25,29.9,,2.1,69.5,21.21,,30.5,1,"87,894"
2020-08-26,30.2,0.6,3.4,68.3,19.68,,29.3,1,"40,169"
2020-08-27,27.1,8.7,3.6,84.6,5.5,,27.2,1,"32,745"
2020-08-28,27.3,13.6,1.6,89.1,10.18,,28.1,1,"62,045"
2020-08-29,26.8,13.6,1.3,90.1,8.7,,28.7,1,"33,797"
2020-08-30,26.8,42.5,2.1,88.8,12.89,,28.1,1,"52,904"
2020-08-31,26.4,0,2.8,77.9,12.25,,27.2,2,"87,662"
2020-09-01,26.6,0,1.9,72.4,11.35,,27,2,"87,892"
2020-09-02,24.3,33.3,2.3,91.3,3.34,,25.3,2,"13,744"
2020-09-03,22.7,29.8,4.8,82,13.51,,24,2,"71,524"
2020-09-04,23.3,,2.7,63.9,21.21,,23.7,2,"115,059"
2020-09-05,23.3,,2,66.6,14.49,,23.4,2,"113,253"
2020-09-06,21.7,6.4,2.7,80,7.13,,22.7,2,"54,125"
2020-09-07,19.2,61,4.2,93.5,3.37,,20.1,2,"3,144"
2020-09-08,23.4,0,4.2,71.5,21.87,,23.1,2,"104,606"
2020-09-09,21.1,1.3,2.1,83.4,12.29,,22.2,2,"75,412"
2020-09-10,22.8,3.9,2,75.8,19.17,,24.4,2,"107,150"
2020-09-11,22.4,1.2,2.8,72.6,12.87,,22.7,2,"61,474"
2020-09-12,20.2,5.7,2,83.8,7.34,,21.5,2,"44,703"
2020-09-13,21.5,,1.9,70.4,20.53,,24.1,2,"118,921"
2020-09-14,21.3,0,1.8,79.3,13.86,,22.8,2,"106,465"
2020-09-15,23,,1.6,76.4,16.56,,23.9,2,"111,912"
2020-09-16,22.5,0.3,1.9,79.9,6.21,,22.2,2,"88,745"
2020-09-17,21.3,,2.1,70.3,9.35,,21.5,2,"110,088"
2020-09-18,21.5,,2.8,62,21.24,,22.4,2,"118,363"
2020-09-19,21.2,0.3,2.2,59.3,21.25,,21.8,2,"117,633"
2020-09-20,19.7,,2,57.6,22.19,,21.2,2,"110,798"
2020-09-21,19.1,,1.7,56.1,19.54,,20.6,2,"108,369"
2020-09-22,20.2,,2.8,55.3,21.71,,21.8,2,"112,619"
2020-09-23,19.2,,3.3,59.9,16.99,,20.8,2,"111,343"
2020-09-24,20.6,,3.7,59.6,18.54,,22,2,"111,994"
2020-09-25,20.1,,2.5,64.1,13.39,,21.5,2,"114,720"
2020-09-26,19.3,,2.4,62.5,15.92,,20.4,2,"115,111"
2020-09-27,20.4,,2,63.3,18.7,,21.4,2,"109,610"
2020-09-28,20.7,,2,66,19.29,,22,2,"107,714"
2020-09-29,19.6,,1.9,67.6,14.84,,20.7,2,"113,823"
2020-09-30,19.6,38.3,1.7,78,14,,21.1,2,"71,676"
2020-10-01,18.8,,2.1,74.9,10.89,,19.6,2,"82,099"
2020-10-02,19.2,0,2.3,79.6,6.34,,18.5,2,"75,275"
2020-10-03,19.9,0,1.6,72.5,9.79,,19.8,2,"97,726"
2020-10-04,16.6,0,2.8,65.1,12.36,,17.8,2,"86,091"
2020-10-05,13.3,,2.5,57.3,19.44,,14.5,2,"93,156"
2020-10-06,14.2,,2,55.9,19.81,,14.6,2,"100,369"
2020-10-07,16,,1.9,48.9,16.99,,14.9,2,"103,348"
2020-10-08,17.2,,3.1,53,19.27,,15.9,2,"105,509"
2020-10-09,17.2,,3,53.4,18.55,,16.6,2,"104,087"
2020-10-10,16.9,,2,60.1,15.28,,16.6,2,"104,678"
2020-10-11,16.9,,1.8,68.5,11.45,,16.1,2,"95,405"
2020-10-12,16.2,,2.2,68.6,13.59,,16.8,2,"97,721"
2020-10-13,13.6,,2.2,52.3,14.16,,14.2,2,"97,160"
2020-10-14,12.8,,2.4,47,12.19,,14.3,2,"92,998"
2020-10-15,11.7,,1.5,41.8,14.48,,13.1,2,"92,555"
2020-10-16,11.8,,1.5,64.3,5.28,,12.5,2,"92,609"
2020-10-17,13.1,,1.8,64.3,17.65,,13.1,2,"94,840"
2020-10-18,13.6,,2,65.5,15.96,,12.9,2,"89,401"
2020-10-19,15.1,,1.7,74.4,15.27,,14.3,2,"95,110"
2020-10-20,15.2,,1.6,67.1,15.67,,14.5,2,"98,577"
2020-10-21,14.1,,1.9,69.4,4.72,,13.7,2,"96,566"
2020-10-22,13.5,0,2.8,66,11.01,,15.2,2,"92,100"
2020-10-23,8.6,,3,51.5,17.01,,10.7,2,"84,672"
2020-10-24,8.7,,2.5,47.6,16.65,,9.4,2,"77,452"
2020-10-25,11.8,,1.7,62.5,13.83,,10.9,2,"80,497"
2020-10-26,12.9,,1.6,71.6,13.69,,11.9,2,"92,374"
2020-10-27,14,,1.8,74.1,12.23,,13.2,2,"95,411"
2020-10-28,13.8,,2.5,52.1,15.27,,13.8,2,"95,033"
2020-10-29,10.8,,2,40.3,13.77,,11.5,2,"92,267"
2020-10-30,11.9,,1.5,42.9,14.62,,11.2,2,"97,088"
2020-10-31,13.6,,2.6,60.3,11.03,,12.9,2,"89,444"
2020-11-01,13.7,13.6,2.3,84.3,1.61,,13.1,2,"32,925"
2020-11-02,10.8,1.7,2.3,58.3,14.6,,10,2,"86,705"
2020-11-03,5.1,0.5,3.5,47.5,15.22,,6.1,2,"69,439"
2020-11-04,4.9,,2.3,43.9,15.36,,5.2,2,"74,159"
2020-11-05,9.6,,1.8,61.5,12.77,,10.5,2,"85,090"
2020-11-06,13.5,,1.7,63.3,5.65,,12.5,2,"91,815"
2020-11-07,14.6,0.1,2.7,68.8,11.01,,14.6,2,"84,151"
2020-11-08,8.5,,3.1,43.8,14.66,,9.9,2,"62,244"
2020-11-09,5.5,,1.8,40.9,10.48,,5.6,2,"73,482"
2020-11-10,7.7,,2.2,56.1,13.61,,7.9,2,"81,965"
2020-11-11,9.3,,1.6,53.5,12.96,,8.7,2,"86,595"
2020-11-12,10.4,,1.7,56.9,12.27,,9.2,2,"88,193"
2020-11-13,12.2,,1.6,71.5,8.92,,12.1,2,"90,754"
2020-11-14,12.5,,1.7,66.9,11.58,,10.9,2,"81,553"
2020-11-15,11.1,,1.7,75,9.52,,10.2,2,"69,098"
2020-11-16,12.4,,1.6,70.1,10.76,,10.9,2,"87,583"
2020-11-17,15.9,0.1,2.3,67.5,5.7,,13,2,"81,258"
2020-11-18,16.6,12.2,2.6,91.4,2.63,,15.3,2,"44,452"
2020-11-19,13.6,86.9,4.2,90.5,0.96,,14.6,2,"34,590"
2020-11-20,2.8,0,3.2,74.3,2.74,,6.2,2,"60,332"
2020-11-21,6.5,0.2,2.1,67.9,10.52,,6.5,2,"60,290"
2020-11-22,5.6,4.8,2.5,80.5,3.61,,7.3,2,"34,828"
2020-11-23,1.7,,2.3,61.4,12.35,,2.9,2,"58,766"
2020-11-24,2.9,,1.8,54.5,6.33,,3.5,2,"61,865"
2020-11-25,4.6,,1.5,64.1,8.32,,3.5,2,"64,921"
2020-11-26,5.6,,1.7,66.5,9.8,,4.4,2,"64,297"
2020-11-27,4.1,0,2.7,61.6,8.52,,4.9,2,"58,092"
2020-11-28,-0.1,,2.8,50,11.89,,1.2,2,"38,492"
2020-11-29,-0.6,,2.2,59.6,5.61,,0.7,2,"32,211"
2020-11-30,-0.2,,1.9,57.8,11.55,,0.4,3,"49,925"
2020-12-01,1.1,,1.9,44.5,10.69,,0.3,3,"53,885"
2020-12-02,2.4,,1.8,41.4,6.38,,2.2,3,"55,611"
2020-12-03,0.7,,2.7,47.1,11.52,,1.2,3,"51,533"
2020-12-04,-0.6,,1.8,53.8,11.62,,-0.3,3,"50,915"
2020-12-05,2.1,,1.7,63.1,8.18,,0.5,3,"42,953"
2020-12-06,4.5,,1.8,66.9,8.37,,2.1,3,"40,616"
2020-12-07,3.4,,2.6,57.5,8.93,,3.1,3,"49,809"
2020-12-08,-0.5,,2,50,11.4,,0.1,3,"47,614"
2020-12-09,1.5,,1.5,55.1,8.48,,-0.3,3,"50,476"
2020-12-10,5.8,0,1.7,69.9,4.74,,3.9,3,"53,421"
2020-12-11,5.3,,1.8,77.1,5.85,,3.3,3,"53,536"
2020-12-12,2.3,,2.1,51.3,10.22,,1.8,3,"42,146"
2020-12-13,-1.1,2.9,2.9,74.9,1.9,3.3,0.5,3,"14,362"
2020-12-14,-7.7,,3.4,49.1,11.44,,-1.9,3,"28,030"
2020-12-15,-8.3,,2.8,43,11.61,,-3.7,3,"28,028"
2020-12-16,-8.3,,2.6,43.9,11.44,,-4.3,3,"27,678"
2020-12-17,-4.9,0,1.7,47,11.15,,-3.7,3,"32,315"
2020-12-18,-2.1,0.2,3,57,8.45,0.2,-1.3,3,"30,195"
2020-12-19,-5.1,,2.4,45.1,11.27,,-3.5,3,"24,130"
2020-12-20,-3.7,,2,50.4,11,,-3.3,3,"23,442"
2020-12-21,-1,,1.6,64.1,9.99,,-2.4,3,"37,286"
2020-12-22,2,,2,67.6,7.83,,-0.4,3,"42,486"
2020-12-23,4.5,0,2.3,76.6,4.6,,0.4,3,"42,218"
2020-12-24,2.6,,2.9,61.5,9.82,,0.7,3,"41,102"
2020-12-25,-0.8,,2.1,51.9,10.88,,-1.4,3,"28,600"
2020-12-26,2.2,,1.8,65.8,8.99,,-0.6,3,"37,137"
2020-12-27,5.8,0,1.8,62.9,8.12,,1.4,3,"37,103"
2020-12-28,6.7,1.3,1.4,72.1,9.12,,2.7,3,"46,912"
2020-12-29,0.1,0.2,2.9,70.8,1.98,,-0.1,3,"35,747"
2020-12-30,-10.9,,4.1,55.5,11.36,,-4.4,3,"22,488"
2020-12-31,-8.9,0,2.4,53.9,9.06,,-5,,"24,535"
2021-01-01,-4.2,,2,64,9.54,,-3.4,3,"22,274"
2021-01-02,-5,,2.6,38.5,11.34,,-3.9,3,"23,631"
2021-01-03,-5.6,,2,45,8.8,,-4.9,3,"21,809"
2021-01-04,-3.5,0,1.7,51.4,7.44,0,-3.3,3,"32,957"
2021-01-05,-5.5,0,2.9,52.8,10.46,0,-3.2,3,"29,033"
2021-01-06,-7.4,2.3,2.4,54.6,11.78,4,-4,3,"22,261"
2021-01-07,-14.5,,4.1,49.9,,,-6.1,3,"5,549"
2021-01-08,-14.9,,3.3,44,12.38,,-9.3,3,"8,029"
2021-01-09,-12.2,,2.6,46.3,11.59,,-8.4,3,"9,082"
2021-01-10,-7.7,,1.3,54.4,9.84,,-6.1,3,"11,116"
2021-01-11,-6.7,,1.9,62.1,4.47,,-5.5,3,"19,525"
2021-01-12,-3.9,2.6,1.8,79.5,6.13,5,-4.1,3,"12,827"
2021-01-13,2,0,2.4,80.3,8.27,,0,3,"19,780"
2021-01-14,1.7,,2.3,46.5,10.21,,-0.2,3,"32,603"
2021-01-15,4.5,0.2,3,67.4,2.11,,0.7,3,"32,429"
2021-01-16,-4.9,,3.3,59.3,11.86,,-1.6,3,"22,524"
2021-01-17,-5.5,0,2.3,58.5,10.83,0.1,-3.9,3,"18,081"
2021-01-18,-3.8,0.3,3.2,64.3,4.54,0.9,-3.3,3,"18,110"
2021-01-19,-6.3,,1.8,37.9,12.48,,-4.8,3,"26,940"
2021-01-20,-0.1,,2.2,37.8,11.92,,-2,3,"36,983"
2021-01-21,4.5,9.2,2.3,64.4,2.77,,0.7,3,"17,451"
2021-01-22,5.5,0.1,1.7,92.9,2.34,,1.9,3,"34,963"
2021-01-23,7.6,,4.2,66,9.72,,3.6,3,"43,368"
2021-01-24,7.3,,2.1,63.9,12.4,,3,3,"50,024"
2021-01-25,7.9,,1.9,62,10.74,,3.3,3,"54,669"
2021-01-26,5.3,1.7,1.9,80.4,1.95,,2,3,"26,272"
2021-01-27,1.7,,2.2,47.6,12.4,,1.6,3,"45,639"
2021-01-28,-2.6,2,4,52.3,6.14,3.6,-0.3,3,"22,745"
2021-01-29,-8.8,,3.5,40,14.42,,-1.7,3,"24,435"
2021-01-30,-1.6,0.5,2.5,60,10.46,0.8,-0.3,3,"28,379"
2021-01-31,3.2,,2,57,10.92,,0.1,3,"38,533"
2021-02-01,5,0.7,2.7,74.5,5.8,,1.6,3,"41,152"
2021-02-02,-5.6,0,3.9,44.1,14.69,,-0.6,3,"31,136"
2021-02-03,-3.2,3.4,2.2,64.6,11.7,4.2,-1.4,3,"31,016"
2021-02-04,-3.6,0.1,2.5,50.1,15.33,0.2,-0.3,3,"20,201"
2021-02-05,1.4,,2.4,71.8,7.95,,0.2,3,"37,675"
2021-02-06,6.8,,2.2,80.4,4.77,,2.2,3,"41,507"
2021-02-07,3.6,,2.9,67,11.38,,3.2,3,"35,676"
2021-02-08,-3.1,,3.4,43.6,15.91,,0.2,3,"34,253"
2021-02-09,-0.9,,2,51.9,15.46,,0.5,3,"41,159"
2021-02-10,3.4,,2.1,75.1,6.15,,0.7,3,"46,659"
2021-02-11,5.5,,1.3,71.5,11.22,,2.8,3,"37,794"
2021-02-12,6.5,,1.7,60.6,14.72,,4.2,3,"38,251"
2021-02-13,7.6,,1.5,50.6,14.36,,4.5,3,"51,329"
2021-02-14,9.5,0,1.7,47.6,7.21,,5.6,3,"44,734"
2021-02-15,1.2,1.4,4,65.1,9.69,,3.7,3,"32,504"
2021-02-16,-5.1,1.5,3.2,57.9,7.31,1.1,-1.7,3,"23,008"
2021-02-17,-8.3,0,5,44.1,17.28,0,-2.1,3,"23,281"
2021-02-18,-5.8,,3.1,44.9,17.05,,-1.3,3,"30,267"
2021-02-19,1.6,,2.9,66.9,14.8,,0.5,3,"45,223"
2021-02-20,8.8,,2.1,60.4,15.25,,4,3,"60,703"
2021-02-21,10.8,,2.8,66.6,15.34,,5.5,3,"71,467"
2021-02-22,7.8,,2.9,58.3,13.04,,6.5,3,"54,943"
2021-02-23,0,,2.9,34,17.53,,2.9,3,"45,246"
2021-02-24,2.9,,1.8,33,16.1,,3.6,3,"54,470"
2021-02-25,4.2,,1.4,35.1,5.22,,1.6,3,"53,694"
2021-02-26,8.2,,2.3,35,18.2,,5.1,3,"67,686"
2021-02-27,9.5,,3.4,48.6,17.96,,7,3,"76,214"
2021-02-28,7.8,,2.1,49,7.13,,5.4,3,"63,298"
2021-03-01,4.7,67.5,3.5,91,1.4,2.3,4.7,0,"2,966"
2021-03-02,2.3,0.1,1.9,75.9,12.9,0,5.4,0,"51,013"
2021-03-03,4.4,,1.8,64.4,16.52,,4.5,0,"62,386"
2021-03-04,7.2,,1.9,62.4,9.85,,6.2,0,"66,283"
2021-03-05,9,,2.1,70.3,18.95,,9.1,0,"76,821"
2021-03-06,6.6,,3.3,69.5,12.71,,7.1,0,"61,833"
2021-03-07,6.2,,2.8,62.9,18.17,,7.9,0,"72,037"
2021-03-08,7,,1.8,60.3,19.12,,8.1,0,"71,470"
2021-03-09,6.6,,2.2,58.5,15.57,,6.9,0,"72,364"
2021-03-10,8.8,,1.8,61.8,19.1,,9,0,"77,153"
2021-03-11,10.2,,1.8,50.8,16.6,,9.8,0,"74,080"
2021-03-12,10.5,0,2.2,57,7.41,,8.7,0,"67,097"
2021-03-13,9.2,,2.2,62.8,14.87,,9.9,0,"79,057"
2021-03-14,9.1,,2.2,71.4,17.99,,10.9,0,"72,694"
2021-03-15,10.6,1.7,2.4,68.8,12.75,,10.3,0,"73,254"
2021-03-16,8.4,1.3,3.2,52.5,21.13,,11.8,0,"71,318"
2021-03-17,8.8,,1.8,44.9,20.79,,10.4,0,"82,757"
2021-03-18,11.7,,1.8,50.1,16.63,,11.6,0,"85,416"
2021-03-19,15.3,,2.2,47.9,19.09,,15,0,"98,932"
2021-03-20,9.9,5.1,2.2,74.6,2,,9.8,0,"25,486"
2021-03-21,5.8,0.3,4,65.9,10.42,,7.6,0,"55,103"
2021-03-22,6.2,,3.2,55.3,22.58,,9,0,"75,928"
2021-03-23,9.1,,2.5,63.5,20.89,,10.6,0,"85,788"
2021-03-24,10.8,,2.4,61.5,19.53,,11.7,0,"91,845"
2021-03-25,11.9,,2.2,68.5,20.86,,13.5,0,"94,209"
2021-03-26,12.6,,1.4,58.4,16.98,,13.4,0,"97,153"
2021-03-27,12.1,25.5,2.5,70.9,3.72,,10.5,0,"20,331"
2021-03-28,9,9.2,3.3,95.8,2.35,,10.2,0,"32,571"
2021-03-29,10.2,0.2,3.3,62.3,18.24,,11.4,0,"74,935"
2021-03-30,10.8,,2.2,47.3,24.53,,12.6,0,"98,689"
2021-03-31,14.5,,1.8,41,23.29,,14.2,0,"113,259"
2021-04-01,17.7,,3.5,33,20.91,,14.4,0,"116,640"
2021-04-02,17.8,0,3.2,35.6,15.37,,15.3,0,"110,607"
2021-04-03,14.9,56.2,3.1,80.8,1.98,,13.9,0,"14,026"
2021-04-04,11.9,0.6,3.2,65.8,12.91,,13.1,0,"94,160"
2021-04-05,11.9,,2.4,47.9,25.81,,14.5,0,"110,533"
2021-04-06,13.9,,2.5,50.9,23.34,,15.2,0,"114,292"
2021-04-07,14.1,,2.5,47.5,24.49,,15.4,0,"114,207"
2021-04-08,13,,2.7,34,25.85,,15.1,0,"105,191"
2021-04-09,13.6,,2.7,39.3,25.3,,15,0,"113,974"
2021-04-10,12.6,,2.6,50,23.77,,15.2,0,"110,980"
2021-04-11,15,,1.7,45.4,22.57,,15.9,0,"113,592"
2021-04-12,13.8,22,2.4,70.4,5.39,,13.2,0,"28,992"
2021-04-13,10.4,8,3.7,74,14.95,,14.5,0,"84,172"
2021-04-14,8.4,,2.9,58.5,27.31,,13.3,0,"98,226"
2021-04-15,11.6,,2.1,62.3,24.78,,14.9,0,"108,960"
2021-04-16,11.3,0.7,2.6,60,8.59,,12.6,0,"82,177"
2021-04-17,9.6,0,2.6,56.6,13.62,,12.2,0,"71,082"
2021-04-18,9.9,,3.2,64.3,26.94,,14,0,"100,004"
2021-04-19,12.2,,2.4,65.3,26.18,,15.6,0,"108,598"
2021-04-20,14.8,,1.9,55.1,24.8,,17.3,0,"113,785"
2021-04-21,19.1,,1.8,43.1,25.12,,19.8,0,"119,380"
2021-04-22,20.9,,2.5,37.9,15.7,,20.1,0,"116,722"
2021-04-23,19,0,3.2,41.4,8.36,,17.1,0,"116,476"
2021-04-24,18.3,0,2.7,43,13.65,,17.7,0,"118,773"
2021-04-25,18.2,,2.7,50,27.12,,21.4,0,"127,151"
2021-04-26,16.2,,2.6,51.8,21.57,,20.1,0,"122,090"
2021-04-27,15.4,1.7,2.3,62.4,10.37,,17.3,0,"103,959"
2021-04-28,14.5,4.7,2.4,64.1,16.09,,16.3,0,"115,380"
2021-04-29,14.6,3.9,2.3,54.1,15.99,,16.9,0,"105,944"
2021-04-30,11.3,26.3,2.4,81.8,9.45,,12.8,0,"83,165"
2021-05-01,10.2,8,2.7,80.8,11.89,,12.4,0,"41,123"
2021-05-02,12.4,1.7,3.1,67.9,27.71,,16.8,0,"115,492"
2021-05-03,14.1,,2.1,56.4,27.7,,17.3,0,"122,393"
2021-05-04,13.8,19.6,2.1,82.6,3.68,,13.5,0,"24,069"
2021-05-05,13.9,0.1,3.5,64.4,28.34,,17.6,0,"125,213"
2021-05-06,15.7,,2.4,46.4,23.81,,16.8,0,"121,660"
2021-05-07,14.4,8.8,3.4,60.3,17.12,,15.5,0,"88,097"
2021-05-08,14.3,,3.4,66.1,23.01,,16.9,0,"73,912"
2021-05-09,15.7,,3.5,51.3,30.44,,18.2,0,"114,851"
2021-05-10,13.2,0,1.8,67.9,4.69,,13.5,0,"93,814"
2021-05-11,18.5,,2.7,48.9,27.17,,18.7,0,"130,314"
2021-05-12,22,,2.2,39.5,26.51,,21.7,0,"130,245"
2021-05-13,22.9,,1.9,54.4,27.3,,24.6,0,"128,298"
2021-05-14,24.1,,1.7,60.3,24.38,,25.2,0,"128,239"
2021-05-15,22.1,15,1.7,79.5,9.42,,22.9,0,"36,082"
2021-05-16,18.4,66.9,2.5,97.6,3.05,,19.6,0,"2,514"
2021-05-17,15.3,3.1,1.6,93,5.21,,17.4,0,"60,065"
2021-05-18,17.9,,1.7,70.5,24.12,,20.2,0,"127,759"
2021-05-19,19.9,,1.8,52.3,29.93,,22.3,0,"133,864"
2021-05-20,18.7,0.9,2.5,59.8,6.8,,17.9,0,"67,451"
2021-05-21,16,6.9,1.7,86.5,7.35,,17.4,0,"78,809"
2021-05-22,18.6,0.2,2.5,69.3,28.69,,21.8,0,"128,763"
2021-05-23,19.5,,1.7,64.4,19.28,,21,0,"115,588"
2021-05-24,19.4,,2.7,61,26.9,,22.8,0,"122,961"
2021-05-25,15.3,8.3,3.2,72.3,19.29,,17.9,0,"93,453"
2021-05-26,18,0,2.9,58.5,17.95,,18.8,0,"120,987"
2021-05-27,15.8,8.9,2.8,83,5.08,,16.4,0,"74,271"
2021-05-28,15.3,12.3,2.6,86,11.26,,17.4,0,"78,928"
2021-05-29,15.4,0.3,2.2,79.8,10.45,,18.1,0,"63,064"
2021-05-30,18.4,18.1,2.1,73,29.45,,21.9,0,"92,536"
2021-05-31,19.9,4,1.8,78.9,12.52,,21.1,0,"115,335"
2021-06-01,20.2,3.2,2.2,74.6,13.01,,21.1,1,"110,305"
2021-06-02,23.2,,2.1,64.4,26.82,,25,1,"130,227"
2021-06-03,19.1,18.1,1.8,80.8,5.11,,20.4,1,"41,123"
2021-06-04,18.5,,2.9,69.4,29.01,,22.7,1,"131,838"
2021-06-05,20.8,,3.3,68.1,23.11,,22.2,1,"127,568"
2021-06-06,23,,2.2,69.6,23.46,,25,1,"116,208"
2021-06-07,21.1,0,1.7,71.5,7.02,,21.1,1,"121,944"
2021-06-08,23.6,0.1,1.7,69.6,21.25,,25.4,1,"129,558"
2021-06-09,25.8,,1.6,59.1,24.78,,26.5,1,"126,823"
2021-06-10,24.9,6.1,2.2,68.5,14.13,,25.5,1,"82,549"
2021-06-11,21.5,4.6,2.8,84.5,10.08,,23.8,1,"120,869"
2021-06-12,24.2,,1.8,74.6,26.92,,27.3,1,"116,059"
2021-06-13,24.8,,2,72.6,26.48,,27.9,1,"103,603"
2021-06-14,24.8,,2.1,68.8,22.29,,27.8,1,"128,217"
2021-06-15,22.5,1.9,2.3,79.1,7.61,,23.3,1,"97,851"
2021-06-16,24.3,,3.6,59.9,27.3,,27.3,1,"139,346"
2021-06-17,21.9,0,2.4,71.4,9.59,,23.4,1,"115,752"
2021-06-18,20,6.3,2.5,92.1,4.5,,21.6,1,"78,992"
2021-06-19,22.3,,1.8,74,26.47,,26.1,1,"122,359"
2021-06-20,22.9,,2.8,73.3,25.87,,26.9,1,"114,793"
2021-06-21,23.6,,2.2,67,25.72,,28.1,1,"138,150"
2021-06-22,22.8,0,2.1,67.9,20.23,,25.8,1,"124,808"
2021-06-23,22.4,7.5,2.4,70.5,19.49,,26.9,1,"126,714"
2021-06-24,23,,1.9,71.1,17.8,,25.2,1,"134,714"
2021-06-25,24.1,,2,69,24.74,,28,1,"140,870"
2021-06-26,22.8,4.5,1.8,78.5,14.24,,25,1,"105,813"
2021-06-27,24.5,38.2,2,72.1,22.48,,27.8,1,"92,869"
2021-06-28,23.7,0.1,1.9,76.4,13.52,,25,1,"106,378"
2021-06-29,23.9,8,1.8,78.6,14.1,,26.4,1,"111,907"
2021-06-30,24.3,6,1.3,77.9,16.22,,26.3,1,"122,200"
2021-07-01,26.3,,1.8,70.9,20.59,,27.4,1,"138,855"
2021-07-02,27.1,,2.3,64.1,22.19,,27.2,1,"137,755"
2021-07-03,22.6,60,3.6,80,7.51,,23.5,1,"51,624"
2021-07-04,21.4,21.4,2.3,96.8,2.69,,22.2,1,"34,280"
2021-07-05,23.3,,1.4,80.3,12.59,,24.6,1,"137,012"
2021-07-06,25.3,,1.6,73.4,19.15,,26.8,1,"141,676"
2021-07-07,26.4,12.7,1.5,78.5,11.81,,26.6,1,"120,685"
2021-07-08,26,2.9,2,81.6,14.1,,27,1,"120,509"
2021-07-09,25.5,0,1.9,77.3,14.49,,27,1,"133,467"
2021-07-10,25.9,0.5,2.4,80.4,17.4,,26.9,1,"108,159"
2021-07-11,25.7,0.4,2.2,86.8,7.53,,26.3,1,"83,832"
2021-07-12,28.1,,1.6,75.1,19.1,,29,1,"127,772"
2021-07-13,28.8,,1.7,76.1,11.59,,28.5,1,"127,633"
2021-07-14,29.7,,2.2,71.4,22.48,,30.6,1,"122,931"
2021-07-15,29.1,0,2.1,71.1,22.77,,31.8,1,"103,482"
2021-07-16,28.8,,2.2,68.4,26.76,,32.5,1,"104,228"
2021-07-17,29.1,0,2.3,63.1,22.58,,32.4,1,"104,910"
2021-07-18,29.6,,2.1,62.5,23.37,,33.1,1,"93,806"
2021-07-19,26.4,67.4,1.9,80.1,10.07,,28,1,"95,132"
2021-07-20,27.9,0,1.5,75.8,14.62,,28.9,1,"120,043"
2021-07-21,30.5,,1.7,64,24.1,,30.5,1,"117,569"
2021-07-22,31.2,,2,59.8,27.69,,31.4,1,"114,672"
2021-07-23,31.2,,1.8,61.8,26.91,,32.2,1,"113,117"
2021-07-24,31.7,,1.7,57.4,27.78,,32.6,1,"91,773"
2021-07-25,31.5,,2,55.8,27.63,,34.2,1,"80,957"
2021-07-26,31.2,,2.4,54.9,29.3,,35.3,1,"113,912"
2021-07-27,31.1,,2.1,60.5,17.22,,33.3,1,"113,813"
2021-07-28,30.4,0,1.9,67.4,16.37,,33.5,1,"108,399"
2021-07-29,29.6,,2,69.9,14.86,,31.3,1,"111,818"
2021-07-30,30.5,,2.1,63.1,21.86,,33.5,1,"113,329"
2021-07-31,29.8,3,2.5,69.9,21.19,,31.6,1,"90,356"
2021-08-01,27.1,21,1.3,81.8,6.56,,28.3,1,"41,845"
2021-08-02,26.5,1.7,1.6,82.6,8.42,,27.8,1,"99,544"
2021-08-03,28,0,1.8,76.9,13.25,,29,1,"117,242"
2021-08-04,28.9,,2,70.6,19.55,,29.9,1,"117,405"
2021-08-05,29.4,,2.1,68.1,20.51,,30.7,1,"118,205"
2021-08-06,28.1,,2.1,68.4,18.13,,33.8,1,"117,103"
2021-08-07,28,,2.1,65,23.48,,35.3,1,"109,849"
2021-08-08,26.8,12.7,1.7,74.8,11.91,,28.9,1,"74,145"
2021-08-09,28.3,,2.3,62.4,24.73,,31.7,1,"126,850"
2021-08-10,27.7,,2.3,62.5,20.07,,31.1,1,"130,505"
2021-08-11,27.4,0,2,70.3,16.55,,31.5,1,"126,807"
2021-08-12,26.8,0,1.8,67.1,14.8,,29.6,1,"105,295"
2021-08-13,26.6,,2,70.4,12.03,,28.8,1,"133,625"
2021-08-14,26.1,,3,63.9,15.6,,29.6,1,"126,122"
2021-08-15,26.9,,2.3,59.6,23.31,,30.6,1,"117,873"
2021-08-16,27.3,0,2.3,61.1,23.19,,33.6,1,"114,058"
2021-08-17,25.9,9.3,2.4,65,17.49,,30.6,1,"82,028"
2021-08-18,24.3,5.6,2.8,69.6,17.87,,25.1,1,"118,076"
2021-08-19,26,,2.6,57.1,20.95,,29.1,1,"143,490"
2021-08-20,26.6,0,2.3,63.6,17.21,,28.9,1,"137,294"
2021-08-21,23.8,62.8,2.7,88.1,6.31,,25.7,1,"40,149"
2021-08-22,24.4,0,2.1,81.5,8.64,,24.7,1,"119,042"
2021-08-23,22.4,7.4,2,89.3,3.81,,22.9,1,"46,686"
2021-08-24,23.4,10.5,2.9,93.6,4.58,,24,1,"40,740"
2021-08-25,25,0.3,1.8,85.5,8.96,,26.7,1,"119,576"
2021-08-26,25.5,0.7,2.5,84.9,8.07,,25.9,1,"120,865"
2021-08-27,22.4,0.9,1.3,83.5,3.01,,23.1,1,"84,328"
2021-08-28,23.6,,1.8,80.4,15.44,,25.1,1,"132,238"
2021-08-29,23.7,0.9,1.6,82.6,9.6,,24.3,1,"119,703"
2021-08-30,24.2,0,1.4,77.5,12.46,,25.3,1,"140,368"
2021-08-31,20.5,77.4,2.3,93.3,2.39,,21.2,1,"24,918"
2021-09-01,21.4,0.8,2.9,83.1,7.24,,22.4,2,"120,894"
2021-09-02,23.5,,2.1,70.3,13.24,,24.4,2,"138,015"
2021-09-03,24.3,,2.4,60.3,24.64,,26.7,2,"152,417"
2021-09-04,23.2,,2.7,57,20.58,,25.7,2,"147,188"
2021-09-05,23.1,,3.2,61.1,15.83,,23.8,2,"137,477"
2021-09-06,22.3,12,3.2,70.1,12.02,,23.2,2,"73,466"
2021-09-07,19.6,29.6,2.3,98.1,1.8,,20.4,2,"14,591"
2021-09-08,22.2,1.6,1.7,81.3,18.18,,23.7,2,"138,853"
2021-09-09,23.5,,1.5,76.5,18.9,,25.5,2,"144,735"
2021-09-10,23.6,,1.9,76,16.96,,25.6,2,"140,589"
2021-09-11,24,,1.7,73.1,19.54,,25.8,2,"135,402"
2021-09-12,24.2,,1.8,64.6,22.15,,26.4,2,"127,028"
2021-09-13,24.8,,2.4,67.1,17.61,,26.9,2,"141,744"
2021-09-14,24.6,,2.6,63.3,21.88,,27.8,2,"143,589"
2021-09-15,23.6,,3.6,57.5,22.62,,27,2,"145,669"
2021-09-16,22.9,,2.6,61.1,20.18,,26.6,2,"145,375"
2021-09-17,23.5,,3,61.4,18.05,,27.6,2,"149,248"
2021-09-18,23.9,,1.6,65.1,19.77,,29.4,2,"128,566"
2021-09-19,23.7,,1.9,62.9,13.97,,26.8,2,"112,630"
2021-09-20,23.7,,2.7,63.6,19.86,,29,2,"104,603"
2021-09-21,22,68.1,2.9,85.1,11.84,,23.9,2,"77,695"
2021-09-22,20.2,4.5,2.7,79,14.89,,22,2,"116,915"
2021-09-23,20.9,,2.4,67.3,18.01,,22.7,2,"145,809"
2021-09-24,21.8,,2.2,67.5,18.34,,23.1,2,"151,973"
2021-09-25,21.2,,2.3,72.6,7.2,,21.1,2,"143,617"
2021-09-26,22.6,,2.3,63,18.13,,23.9,2,"139,182"
2021-09-27,21.6,0,2.4,66,11.36,,21.6,2,"126,623"
2021-09-28,21.5,1.3,2.2,75.1,9.29,,22.5,2,"89,055"
2021-09-29,20.2,13.1,1.7,93.5,2.85,,21.1,2,"57,781"
2021-09-30,20.3,,1.5,83.9,17.2,,22.2,2,"145,928"
2021-10-01,21.1,13.3,2.4,75.8,18.42,,22.9,2,"138,491"
2021-10-02,20.7,,1.6,77.1,16.92,,23.2,2,"136,182"
2021-10-03,22.3,,1.9,69.5,17.47,,22.9,2,"135,425"
2021-10-04,22.9,3.6,2.9,81,2.97,,21.7,2,"75,930"
2021-10-05,23.6,0,3.3,82.4,8.11,,23.2,2,"119,181"
2021-10-06,18.8,6.4,2.8,91.5,3.26,,20.2,2,"79,697"
2021-10-07,19.4,4.6,1.9,85.5,4.86,,20.6,2,"116,818"
2021-10-08,18.8,3.5,1.7,91.3,2.8,,19.8,2,"70,341"
2021-10-09,20.9,0.4,2.3,83.5,7.05,,20.5,2,"122,751"
2021-10-10,19.9,14.2,2.2,89,3.12,,20.6,2,"36,212"
2021-10-11,15.2,0.3,2.2,78.6,8.47,,18,2,"122,066"
2021-10-12,17.9,,3.3,67.1,11.55,,18.2,2,"136,913"
2021-10-13,19.6,,2.4,66.6,17.28,,19.3,2,"146,363"
2021-10-14,19.7,,2,73.6,12.85,,20.9,2,"145,060"
2021-10-15,19,0,2.1,74.4,7.21,,20.1,2,"128,018"
2021-10-16,10.7,0,3.4,47.5,8.78,,13.8,2,"83,290"
2021-10-17,5.6,,2.9,37.4,18.7,,10.5,2,"69,495"
2021-10-18,9.6,5.6,2,60.4,12.08,,11.7,2,"89,456"
2021-10-19,10.9,4.4,2.4,72.8,13.34,,13.9,2,"105,129"
2021-10-20,9.5,,1.7,64.9,16.7,,12.7,2,"116,327"
2021-10-21,9.8,,1.7,64.1,5.13,,12.2,2,"116,401"
2021-10-22,10.8,,1.8,58.4,16.45,,12.5,2,"121,592"
2021-10-23,11.4,,1.6,57.3,16.25,,12.5,2,"107,272"
2021-10-24,11.4,,1.7,63.1,15.97,,12.4,2,"99,056"
2021-10-25,11.7,,1.9,64.5,11.74,,12.7,2,"116,265"
2021-10-26,13,,1.7,74.5,13.08,,12.9,2,"125,167"
2021-10-27,13.4,0,2.2,63.4,14.72,,13.9,2,"123,048"
2021-10-28,12.7,,1.4,54.6,15.58,,12.7,2,"126,416"
2021-10-29,14.6,,2,55.9,14.16,,13.9,2,"129,282"
2021-10-30,13.8,,1.6,62.4,6.35,,12.9,2,"111,853"
2021-10-31,14.1,0.7,1.6,73.3,12.25,,14,2,"96,432"
2021-11-01,12.9,,1.9,77.3,11.32,,13.4,2,"119,911"
2021-11-02,11.5,,1.7,76.6,12.69,,12.4,2,"128,186"
2021-11-03,12.1,,1.5,71.1,13.24,,12.3,2,"129,594"
2021-11-04,12.1,0,1.3,80.4,6.9,,11.5,2,"123,993"
2021-11-05,13,,1.5,68.5,12.76,,12.3,2,"130,048"
2021-11-06,14.1,,1.6,61.1,12.8,,12.7,2,"118,833"
2021-11-07,15.3,,2.1,57.5,12.2,,13.1,2,"111,896"
2021-11-08,8.6,25.7,3.2,82.1,2.57,,10,2,"18,569"
2021-11-09,4.9,2,2.4,80.3,3.4,,6.8,2,"38,917"
2021-11-10,4.2,0.3,2.5,73.4,8.8,,7,2,"82,413"
2021-11-11,5.3,0,2.9,60.6,9.68,,6.5,2,"93,961"
2021-11-12,4.5,,2.6,55.4,13.47,,6,2,"93,366"
2021-11-13,7.3,,1.5,66.1,9.9,,6.5,2,"89,598"
2021-11-14,11.3,,2.2,69.8,10.52,,9.8,2,"88,655"
2021-11-15,10.1,,1.6,71.3,11.39,,9,2,"107,707"
2021-11-16,8.5,,1.9,65.5,12.07,,8,2,"108,002"
2021-11-17,7.5,,1.6,64.1,11,,6.7,2,"108,450"
2021-11-18,11.9,0,2.4,70.8,5.68,,10.5,2,"105,793"
2021-11-19,12.9,,1.9,84.8,4.98,,11.4,2,"113,731"
2021-11-20,10.4,,1.6,77,8.62,,9.7,2,"87,061"
2021-11-21,10.4,5.9,1.9,74.4,3.3,,9.7,2,"65,968"
2021-11-22,2.7,1.3,4.1,61.8,8.99,,4.5,2,"72,570"
2021-11-23,-0.6,,3.2,60.9,8.4,,1.6,2,"73,003"
2021-11-24,4.1,0,1.9,64.3,7.93,,2.3,2,"87,852"
2021-11-25,5.7,,2.2,55,10.25,,5.1,2,"91,716"
2021-11-26,2.9,0,2.2,57.5,7.6,,1.9,2,"85,807"
2021-11-27,3.4,,1.6,53,11.85,,2.8,2,"71,353"
2021-11-28,5.1,,1.5,52.4,11.02,,3,2,"66,888"
2021-11-29,7.6,,1.6,62,7.47,,5.4,2,"94,863"
2021-11-30,5.7,27.2,3.7,80.4,0.84,,5.7,2,"28,587"
2021-12-01,-1.3,,4.2,51.8,12.23,,1.2,3,"62,785"
2021-12-02,1.3,0.1,2.1,68.9,6.48,,0.4,3,"65,547"
2021-12-03,1.9,0.4,2.9,53.3,11.85,,2.3,3,"70,087"
2021-12-04,1.4,,2,48.5,10.46,,1.5,3,"59,475"
2021-12-05,2.9,,1.4,50.4,11.07,,1.8,3,"58,055"
2021-12-06,5.4,,1.6,61.4,9.37,,2.5,3,"84,020"
2021-12-07,6.8,,1.2,68.3,9.35,,3.6,3,"89,379"
2021-12-08,6.7,,1.5,70,10.53,,3.7,3,"90,993"
2021-12-09,6.5,,2.2,70.3,4.98,,3.8,3,"88,633"
2021-12-10,7,0.7,2.1,81.5,1.35,,5.2,3,"73,232"
2021-12-11,6,,1.4,83.6,7.34,,5.4,3,"69,787"
2021-12-12,1.2,,3.2,61.8,9.67,,2.8,3,"46,233"
2021-12-13,-2.2,,2.3,43.8,11.43,,-0.2,3,"62,218"
2021-12-14,3.7,1.2,2,64.9,6.1,,2.3,3,"56,280"
2021-12-15,7.2,2.1,1.7,84.8,4.11,,5.4,3,"67,884"
2021-12-16,6.4,0,1.8,71.6,7.6,,5.4,3,"80,657"
2021-12-17,-5.6,,4.6,50.5,10.96,,-0.9,3,"48,342"
2021-12-18,-5.7,2.8,2,64.1,6.79,5.2,-2.6,3,"23,784"
2021-12-19,-0.8,0.2,2,63.8,8.82,0.2,-0.5,3,"19,804"
2021-12-20,5.2,0,2.1,77.9,8.61,,1.4,3,"63,330"
2021-12-21,5.2,,2,70.9,7.93,,2.9,3,"71,556"
2021-12-22,2.2,,1.7,47.4,10.21,,0.8,3,"73,644"
2021-12-23,2.7,,1.4,53.5,8.85,,1,3,"75,058"
2021-12-24,-0.3,0.2,2.6,65.3,2.08,,0.3,3,"55,216"
2021-12-25,-11.7,,3.9,42.4,11.64,,-4.4,3,"18,859"
2021-12-26,-12.1,,3.1,43.5,11.55,,-5.8,3,"16,485"
2021-12-27,-7.6,0,1.7,60.9,6.09,,-4.7,3,"42,521"
2021-12-28,-4.1,,2.2,73.8,4.32,,-3.3,3,"51,268"
2021-12-29,0.4,0.2,2.6,72.9,4.64,0.3,-0.7,3,"52,017"
2021-12-30,-3.9,0,3.3,48.5,9.14,,-2.7,3,"48,993"
2021-12-31,-6.7,,3.5,35.9,11.7,,-4.5,3,"40,604"
2022-01-01,-4.3,,1.5,46.3,10.39,,-3.7,3,"29,185"
2022-01-02,-1.3,0.3,2.3,57.9,8.52,0.5,-0.9,3,"28,914"
2022-01-03,-1.9,0,1.8,58.3,9.35,,-2.3,3,"53,573"
2022-01-04,-2.5,0,2.4,51.8,11.3,,-1.8,3,"56,344"
2022-01-05,-2.8,,1.7,47.6,6.12,,-2.8,3,"57,413"
2022-01-06,-2.2,,2.3,47.1,11.22,,-2.3,3,"59,714"
2022-01-07,-1.6,,1.5,47.1,11.12,,-2.3,3,"60,422"
2022-01-08,0.3,0,1.7,64.3,3.68,,-2.1,3,"45,366"
2022-01-09,1.3,,1.7,71.5,7.16,,0.5,3,"38,304"
2022-01-10,0.5,0.9,2,68.3,7.25,0.9,-0.9,3,"58,706"
2022-01-11,-7.4,0.2,4,55.5,11.91,0.1,-2.3,3,"39,715"
2022-01-12,-7.7,,2.4,47.8,11.93,,-4.1,3,"45,304"
2022-01-13,-6.4,,3.3,45.8,11.9,,-3.6,3,"43,881"
2022-01-14,-4.8,,1.7,41.8,12.1,,-3.5,3,"50,087"
2022-01-15,-1,0,1.9,48.3,3.76,,-1.9,3,"41,820"
2022-01-16,-2,0,3.3,54.5,11.98,,-0.3,3,"32,433"
2022-01-17,-5.8,0.5,2.2,59.9,8.07,0.8,-4.2,3,"36,605"
2022-01-18,-5.6,,2.3,47.9,12.4,,-2.8,3,"46,018"
2022-01-19,-5.3,1.7,2.1,72.3,2.13,3.5,-3.4,3,"27,105"
2022-01-20,-5,,1.8,63.5,12.29,,-2.5,3,"41,568"
2022-01-21,-2.7,,1.8,55.6,12.79,,-1.9,3,"51,219"
2022-01-22,0.3,,1.7,52.4,9.7,,-0.3,3,"44,304"
2022-01-23,2,,1.7,52.4,7.67,,0.4,3,"41,704"
2022-01-24,4.6,,3.5,56,8.71,,0.8,3,"63,894"
2022-01-25,2.8,0.7,2.3,80,1.7,,0.9,3,"47,991"
2022-01-26,1.3,,2.2,62.8,11.54,,1.3,3,"63,246"
2022-01-27,-1.1,,2.1,50,11.72,,0.3,3,"59,413"
2022-01-28,-2.7,,2.8,51.6,13.65,,-0.9,3,"56,150"
2022-01-29,-3.6,,2.4,48.9,14.07,,-1.5,3,"38,024"
2022-01-30,-2.8,,2.2,45.4,14.1,,-1.4,3,"31,891"
2022-01-31,-0.7,1.2,1.9,59,11.47,1.8,-0.7,3,"29,553"
2022-02-01,-1.3,1.7,2.6,76.6,9.04,3.3,-0.4,3,"14,212"
2022-02-02,-3.4,,2.4,60.5,14.68,,-0.6,3,"28,743"
2022-02-03,-3.4,,2.4,52.4,14.87,,-0.8,3,"46,840"
2022-02-04,-5.2,0,3.1,53.3,12.94,,-2.6,3,"45,787"
2022-02-05,-6.6,,3.1,48.8,14.31,,-3.1,3,"31,339"
2022-02-06,-3.9,,2.5,50.3,14.83,,-1.5,3,"31,079"
2022-02-07,-2.5,,1.8,51.3,10.41,,-1.6,3,"52,453"
2022-02-08,-0.1,,1.9,53.8,14.49,,1.3,3,"58,927"
2022-02-09,1,,1.8,52.3,12.8,,0.9,3,"62,895"
2022-02-10,1.4,,2.3,57.8,14.93,,2.1,3,"64,927"
2022-02-11,2.9,,1.8,61.1,13.28,,3.3,3,"67,004"
2022-02-12,4.8,,1.7,50.4,15.11,,5.1,3,"58,539"
2022-02-13,4.8,,1.8,44.9,9.29,,2.2,3,"52,389"
2022-02-14,2.5,1.7,2.9,68.3,7.04,,1.4,3,"46,767"
2022-02-15,-4.7,0,3.8,58,9.99,,-1.5,3,"47,756"
2022-02-16,-7.3,0,3.7,50.4,16.28,,-2.3,3,"42,522"
2022-02-17,-6.2,,2.5,41.6,17.2,,-0.1,3,"46,195"
2022-02-18,-1.2,,2,40.4,15.91,,1.6,3,"56,957"
2022-02-19,-1.7,0.1,2.9,52.9,9.25,0.1,0.1,3,"39,653"
2022-02-20,-4.8,,4.1,41.1,18.09,,0.3,3,"30,847"
2022-02-21,-3,0.1,2.9,56.3,11.41,,-0.1,3,"48,680"
2022-02-22,-4.5,,3.2,43.3,15.64,,0.5,3,"48,398"
2022-02-23,-5.6,,2.6,38.5,18.78,,0.3,3,"47,234"
2022-02-24,-2.4,,2.2,52.4,18.42,,1.9,3,"53,734"
2022-02-25,3,,2.3,77.5,12.36,,3.6,3,"61,573"
2022-02-26,5.4,1.1,3.9,78.4,5.58,,3.7,3,"38,403"
2022-02-27,3.7,,2.8,56.6,18.62,,3.9,3,"52,957"
2022-02-28,6.8,,1.5,62.3,10.5,,3.4,3,"72,542"
2022-03-01,5.8,2.3,2.3,70.5,6.49,,5.7,0,"49,748"
2022-03-02,3.5,,2.7,55.9,19.53,,4,0,"70,625"
2022-03-03,5.8,,2.1,52.9,19.16,,5.5,0,"77,700"
2022-03-04,6.9,,3.6,60.5,10.65,,3.7,0,"72,968"
2022-03-05,2.3,,4.3,38.4,20.26,,4.4,0,"55,988"
2022-03-06,1.4,,2.6,39.5,21,,5,0,"53,875"
2022-03-07,2.8,,2,45.8,14.99,,3.9,0,"72,078"
2022-03-08,6,,2,56.1,16.44,,6.8,0,"81,170"
2022-03-09,7.1,,1.9,69.6,18.85,,9,0,"88,625"
2022-03-10,9.3,,2.1,51.4,16.75,,9.3,0,"86,435"
2022-03-11,11.2,,1.9,58.4,14.49,,11.4,0,"97,284"
2022-03-12,12.8,2.6,2.7,72.1,12.82,,12.1,0,"80,704"
2022-03-13,11.7,42.1,1.9,95.5,2.1,,11.1,0,"37,571"
2022-03-14,8.2,8.7,3.2,90.3,2.18,,7.7,0,"48,377"
2022-03-15,7.2,,2,72.6,17.55,,9.8,0,"90,277"
2022-03-16,10.3,,2.1,62.6,17.67,,10.8,0,"98,151"
2022-03-17,10.7,1.2,2.7,62,9.49,,9.7,0,"76,285"
2022-03-18,7.5,0,4.4,60.8,5.17,,7.2,0,"77,855"
2022-03-19,3.4,14.6,3,84.6,4.93,0.7,4.6,0,"33,486"
2022-03-20,5.4,0,2.6,66.1,15.76,,8.2,0,"67,396"
2022-03-21,5,,2.4,49.5,16.69,,6.2,0,"84,756"
2022-03-22,7.1,,2.2,48.9,21.71,,9.5,0,"96,050"
2022-03-23,6.2,,2.3,56.8,7.05,,7,0,"86,793"
2022-03-24,8.2,,1.8,70.6,6.34,,8.5,0,"94,936"
2022-03-25,12,10.9,2.6,70,9.06,,10.3,0,"80,415"
2022-03-26,11.8,19.8,2.9,80.9,6.39,,12,0,"61,907"
2022-03-27,8.1,,3,49.1,22.23,,10.8,0,"86,816"
2022-03-28,8.2,,2.1,35.6,24.71,,10.5,0,"104,291"
2022-03-29,9.7,,2.1,52.9,23.32,,11.6,0,"112,845"
2022-03-30,10.8,0.4,1.8,76.5,7.64,,9.7,0,"87,831"
2022-03-31,10.9,,2.5,63.5,13.98,,11.9,0,"110,528"
2022-04-01,9.2,,2.6,50.5,23.35,,12.2,0,"117,334"
2022-04-02,8.2,,2.3,55,24.09,,11.6,0,"107,302"
2022-04-03,9.6,,2.1,55,24.34,,12.6,0,"111,356"
2022-04-04,10.3,,2.3,50.3,24.75,,13.4,0,"117,648"
2022-04-05,10.3,,2.4,41.1,21.21,,12.3,0,"122,858"
2022-04-06,11.7,,2.5,52.3,21.54,,13.8,0,"127,811"
2022-04-07,10.9,,3.3,43.5,24.3,,15.1,0,"126,797"
2022-04-08,12.9,,2.1,49,24.92,,16.1,0,"143,545"
2022-04-09,17.8,0.5,3,43.8,21.41,,18.1,0,"148,007"
2022-04-10,18.2,,2,46,24.18,,20.1,0,"150,889"
2022-04-11,19.6,,2.4,60.4,24.04,,22.4,0,"151,754"
2022-04-12,19.3,0.5,2.8,77.9,18.23,,23.6,0,"119,002"
2022-04-13,13.1,1.3,4.4,69.3,4.06,,13,0,"92,089"
2022-04-14,13.2,,4,53.4,9.52,,14.2,0,"122,654"
2022-04-15,13.3,,3,46.8,26.31,,19,0,"141,286"
2022-04-16,13.2,,2.5,48.5,26.64,,19.1,0,"134,241"
2022-04-17,14,,2.3,53.8,26,,19.5,0,"129,927"
2022-04-18,15.2,,2.4,46.1,20.59,,19.3,0,"139,226"
2022-04-19,15.2,,2.4,51.9,25.17,,20.5,0,"144,447"
2022-04-20,15.7,,2.3,48.8,26.26,,21.3,0,"148,079"
2022-04-21,16.3,,2.8,48.4,19.54,,19.7,0,"149,044"
2022-04-22,15,,3.5,76.8,3.06,,15.1,0,"129,271"
2022-04-23,17.7,,1.7,57.3,23.47,,22.9,0,"146,570"
2022-04-24,18.5,0.3,2.3,72.5,20.45,,22.8,0,"133,084"
2022-04-25,20,1.3,1.4,80.5,8.1,,20.6,0,"129,831"
2022-04-26,21.9,1,3.1,57.9,24.94,,26,0,"152,367"
2022-04-27,17.7,,2.7,31.5,26.83,,24.1,0,"156,150"
2022-04-28,18.2,0,2.6,44,22.34,,24.4,0,"157,045"
2022-04-29,13.4,15.5,3.4,70.6,13.08,,15.1,0,"115,321"
2022-04-30,13,,2.9,68,12.52,,14.6,0,"125,572"
2022-05-01,13.4,,3.1,54.8,27.41,,19.1,0,"123,804"
2022-05-02,14.2,,2.4,56.5,26.03,,20.3,0,"155,868"
2022-05-03,14.8,,2.5,45.9,28.07,,21.5,0,"161,630"
2022-05-04,17.8,,2.7,43.3,27.22,,23.3,0,"169,370"
2022-05-05,18.9,,2.2,48.1,29.35,,26.5,0,"161,574"
2022-05-06,19.6,,2.5,67.1,25.6,,25.6,0,"167,589"
2022-05-07,18.4,0.5,3,52.4,22.57,,23.2,0,"143,370"
2022-05-08,15.3,2,2.8,51.8,6.2,,16.2,0,"83,449"
2022-05-09,17.9,,2.2,56.4,29.25,,23.6,0,"165,624"
2022-05-10,19.9,0,2.2,39,27.82,,26.7,0,"171,961"
2022-05-11,19.7,0,2.4,50.4,25.73,,28.2,0,"172,189"
2022-05-12,20.9,,1.9,51.5,27.45,,28.5,0,"173,717"
2022-05-13,19.4,,2.2,45.8,19.95,,24.2,0,"173,872"
2022-05-14,15.7,,3.3,45.5,22.58,,22,0,"147,975"
2022-05-15,16.2,,3.2,39.8,30.01,,24.7,0,"146,364"
2022-05-16,17.3,,2.8,56.3,28.89,,25.5,0,"170,018"
2022-05-17,20,,2.4,60.1,27.56,,27.5,0,"174,664"
2022-05-18,20,1.5,2.9,59.4,15.71,,19.6,0,"147,831"
2022-05-19,19.9,,3,53.6,20.97,,24.5,0,"171,349"
2022-05-20,20.6,,2.3,52.8,25.74,,26.6,0,"177,475"
2022-05-21,20.1,,2.5,70.8,24.88,,27.1,0,"158,972"
2022-05-22,20.3,,2.5,70.9,24.3,,27.6,0,"149,211"
2022-05-23,23,,2.3,63.5,26.01,,30.2,0,"169,251"
2022-05-24,22.9,,2.1,56.8,28.86,,30.8,0,"176,941"
2022-05-25,21,3.5,2.6,66.6,22.59,,28.7,0,"134,187"
2022-05-26,18.7,0,3.7,59.9,28.88,,24.7,0,"172,688"
2022-05-27,20,0,3.3,62.5,28.71,,29.1,0,"183,674"
2022-05-28,22.3,,2.8,54.1,27.49,,27.2,0,"164,366"
2022-05-29,23.1,,2.3,66.4,21.5,,27,0,"148,794"
2022-05-30,20.8,0,2.5,71,9.8,,23.4,0,"161,538"
2022-05-31,20.7,,2.5,42.4,27.48,,28.1,0,"183,522"
2022-06-01,22.1,,2.6,41.6,30.79,,29.4,1,"171,655"
2022-06-02,21.5,,2.7,67.4,27.13,,30.6,1,"177,588"
2022-06-03,24.5,,2,62.8,27.2,,33.7,1,"180,769"
2022-06-04,25.6,,1.7,57,18.22,,30.4,1,"157,500"
2022-06-05,22.7,0,2.3,59.8,8.16,,23.8,1,"126,415"
2022-06-06,19.7,4.3,3.2,69,21.01,,23.4,1,"136,660"
2022-06-07,20.6,0,2.7,54.5,17.34,,24.8,1,"179,409"
2022-06-08,21.2,,2.3,61.6,16.97,,28.5,1,"182,892"
2022-06-09,20.9,2.6,1.6,76.1,10.66,,22.4,1,"150,820"
2022-06-10,20.9,1.2,1.9,75.8,15.38,,22.3,1,"155,223"
2022-06-11,24.6,,2.2,59.6,26.54,,27.8,1,"160,120"
2022-06-12,24.6,,2.5,58.9,24.52,,32.4,1,"143,466"
2022-06-13,23.6,18,2.6,68.5,20.66,,25,1,"169,956"
2022-06-14,21.5,0,4.2,56.4,18.58,,23.1,1,"166,700"
2022-06-15,17.5,18.5,2.3,92.4,5.62,,18.7,1,"73,488"
2022-06-16,20.3,0.7,2.3,78.4,13,,21.1,1,"159,975"
2022-06-17,22.5,,1.9,76.4,17.86,,23.5,1,"181,393"
2022-06-18,23.3,0,1.7,79.6,6.07,,23.1,1,"153,139"
2022-06-19,23.4,,1.4,81.6,5.06,,23.3,1,"143,464"
2022-06-20,25.2,,1.3,76.6,12.59,,26.4,1,"181,066"
2022-06-21,26.5,,2,72.6,28.94,,32.3,1,"178,590"
2022-06-22,25.9,,2.1,71.1,22.39,,31.5,1,"182,183"
2022-06-23,24.3,103,2.8,89.1,3.41,,23.3,1,"54,576"
2022-06-24,22.6,19.1,3.5,90.9,8.5,,23.6,1,"152,178"
2022-06-25,26,,2.8,80.4,17.55,,26.7,1,"146,769"
2022-06-26,26.5,,2.6,82.1,3,,24.8,1,"122,474"
2022-06-27,26.8,6.1,2.8,84.4,4.75,,26.1,1,"94,761"
2022-06-28,26.9,6.3,5.8,81.9,3.33,,25.1,1,"112,003"
2022-06-29,25.1,37.8,4.1,95.5,2.94,,25.3,1,"52,664"
2022-06-30,22.3,176.2,2.3,99.3,2.42,,22.6,1,"8,796"
2022-07-01,26.6,,2.1,83.3,21.53,,29,1,"157,478"
2022-07-02,28.8,,1.7,72.8,25.83,,30.8,1,"131,815"
2022-07-03,29.3,,1.7,68.6,26.25,,31.6,1,"114,470"
2022-07-04,29.3,0,1.8,71.8,14.9,,30.8,1,"151,497"
2022-07-05,29.2,0,1.7,73.8,15.99,,31.4,1,"149,259"
2022-07-06,29.5,16.1,2.1,76,14.49,,31.9,1,"142,649"
2022-07-07,28.2,0,2.8,82.3,8.29,,28.2,1,"116,854"
2022-07-08,25.8,1.7,2.9,84.4,6.94,,26,1,"150,313"
2022-07-09,26.9,0.1,1.7,82.1,13.64,,27.9,1,"134,633"
2022-07-10,29.2,0,1.7,68,23.08,,32,1,"110,494"
2022-07-11,27,9,1.8,75,13.85,,29,1,"146,165"
2022-07-12,26.8,,2.2,73.1,11.82,,27.2,1,"167,309"
2022-07-13,25,114.5,1.8,93.9,1.25,,24.6,1,"21,922"
2022-07-14,25.7,0.9,2.3,84.6,17.21,,27.6,1,"152,774"
2022-07-15,26,,2.3,76.5,24.49,,29.1,1,"167,144"
2022-07-16,24.8,34,2,83.4,10.77,,26.1,1,"110,506"
2022-07-17,25.5,0,1.8,78.9,16.82,,28,1,"128,631"
2022-07-18,26.8,,2.2,76,21.01,,28.2,1,"166,820"
2022-07-19,27.4,,2.3,74.1,23.44,,30.7,1,"168,900"
2022-07-20,27.1,1.1,2.2,76.1,17.68,,30.4,1,"145,087"
2022-07-21,23.2,10.4,2.9,87.6,6.6,,25,1,"112,449"
2022-07-22,25.1,5.2,1.9,81.5,13.54,,26.1,1,"153,209"
2022-07-23,24.8,9.9,2,83.6,9.09,,26.6,1,"79,826"
2022-07-24,25,1.2,2.1,86.9,8.82,,25.6,1,"113,217"
2022-07-25,27.5,,1.9,75,25.49,,29.7,1,"145,899"
2022-07-26,28.9,,1.8,72.5,22.31,,30.3,1,"160,600"
2022-07-27,29.3,,2,66.3,19.72,,31,1,"161,296"
2022-07-28,29.7,,2.4,63.8,25.2,,33.3,1,"155,345"
2022-07-29,30.7,,2.2,68.1,20.28,,32.9,1,"147,170"
2022-07-30,30.9,1,2.6,68.4,23.53,,32.4,1,"107,582"
2022-07-31,27.2,47.2,2.5,85.8,4.93,,27.6,1,"29,814"
2022-08-01,28.6,30,2.4,82.4,15.09,,28.9,1,"108,030"
2022-08-02,26.8,33.5,2.8,90,4.37,,27.2,1,"57,524"
2022-08-03,27.1,51.1,2.8,90.1,8.74,,27.4,1,"102,130"
2022-08-04,28.9,0,2.5,79.3,22.24,,31.6,1,"148,807"
2022-08-05,29.4,0,2.6,76.6,19.58,,32.6,1,"145,855"
2022-08-06,28.7,13.6,1.7,85.3,7.48,,29.7,1,"106,406"
2022-08-07,28.9,0.9,2.4,82.1,9.26,,28.6,1,"97,939"
2022-08-08,26.8,129.6,3.3,91.6,,,26.4,1,"21,616"
2022-08-09,25.1,123.1,2.6,96,2.42,,26,1,482
2022-08-10,24.7,7.6,1.6,85.3,16.23,,27.3,1,"108,151"
2022-08-11,25,38.8,1.6,87.9,8.81,,27.6,1,"108,359"
2022-08-12,27,,1.7,73.8,24.86,,28.7,1,"147,097"
2022-08-13,25.8,4,1.3,82.8,5.06,,25.8,1,"82,347"
2022-08-14,27.6,3,1.9,83,13.95,,28.1,1,"87,778"
2022-08-15,28.1,0.9,4.8,83,6.28,,27.3,1,"83,889"
2022-08-16,26.7,0,2.6,75.4,23.34,,29,1,"154,263"
2022-08-17,26,0,2,76.6,17.1,,26.6,1,"157,994"
2022-08-18,25.6,,1.9,75.8,12.57,,26.6,1,"162,179"
2022-08-19,26,66.1,2.3,86.1,5.56,,25.9,1,"83,749"
2022-08-20,28.2,0,2.4,80,23.65,,30.3,1,"124,465"
2022-08-21,28.1,,1.7,75.3,16.37,,28,1,"122,389"
2022-08-22,26.8,3.2,2.3,75.6,11.71,,27,1,"146,073"
2022-08-23,25.4,2.2,2,75,20.42,,27.6,1,"152,206"
2022-08-24,24.8,,2.5,66.9,12.34,,24.4,1,"174,857"
2022-08-25,22.2,1.6,1.8,78,4.5,,22.1,1,"135,159"
2022-08-26,23.8,,2.4,75.3,19.91,,25.8,1,"177,282"
2022-08-27,21.5,17.6,2.8,63.1,27.09,,24.4,1,"173,160"
2022-08-28,22.6,,1.7,59.4,24.53,,24.3,1,"160,420"
2022-08-29,21,2.2,2.3,74,5.97,,22.1,1,"108,865"
2022-08-30,19.1,35.8,2.6,96.3,3.06,,20.3,1,"16,813"
2022-08-31,21.7,0,1.8,83.3,10.32,,22.2,1,"164,301"
2022-09-01,24,,1.7,70.8,25.02,,26.7,2,"179,336"
2022-09-02,24.7,,3.1,61.8,24.51,,26.9,2,"187,990"
2022-09-03,24.2,,3.4,63,16.39,,26.6,2,"170,688"
2022-09-04,22.3,33.8,3.1,88.6,3.54,,22.4,2,"39,346"
2022-09-05,19.2,120,3.2,95.9,1.61,,19.8,2,"5,208"
2022-09-06,21,25.3,3.6,78,20.76,,21.2,2,"142,342"
2022-09-07,22.8,,1.9,65.3,24.4,,25.3,2,"179,905"
2022-09-08,23.2,,1.6,65.5,23.96,,25.9,2,"183,813"
2022-09-09,24.3,,2,59.1,23.91,,27,2,"123,214"
2022-09-10,23.6,,2.6,52.3,18.76,,24.1,2,"108,686"
2022-09-11,23.3,0.1,2.1,68.6,10.27,,24.8,2,"107,761"
2022-09-12,23.8,,1.6,76.1,13.15,,25.2,2,"151,839"
2022-09-13,24.3,0,2.5,73,7.38,,24,2,"167,657"
2022-09-14,24.6,0,4.6,56.9,10.09,,24.4,2,"179,633"
2022-09-15,25.2,0.1,3.6,66.9,12.29,,25.3,2,"184,021"
2022-09-16,25.7,14.6,2.9,78.6,10.4,,25.9,2,"132,178"
2022-09-17,25.6,4.3,1.4,83.1,11.31,,26.3,2,"147,264"
2022-09-18,27.1,,2,75.3,15.9,,27.8,2,"146,847"
2022-09-19,24.6,,3.3,63.1,18.62,,26.2,2,"183,189"
2022-09-20,19.9,,2.3,57,18.93,,23.8,2,"191,649"
2022-09-21,19.4,,1.8,56.9,22.18,,23.1,2,"191,553"
2022-09-22,19.8,,2,60.1,17.9,,23.1,2,"189,285"
2022-09-23,17.5,3.3,3.1,68.9,16.53,,19.9,2,"178,981"
2022-09-24,18.5,,1.8,64.6,21.67,,21.5,2,"176,719"
2022-09-25,19.6,,1.6,63.3,17.94,,22.3,2,"162,743"
2022-09-26,20,,1.7,58.5,18.48,,22.5,2,"187,571"
2022-09-27,20.9,,1.6,59,21.17,,23.5,2,"190,672"
2022-09-28,20.4,,1.8,71,12.51,,21.6,2,"191,600"
2022-09-29,20.4,,1.4,73.5,17.37,,21.9,2,"186,204"
2022-09-30,20.7,,1.6,68,19.27,,22.4,2,"192,638"
2022-10-01,20.9,,1.6,63.3,17.31,,21.8,2,"167,146"
2022-10-02,19.4,15.8,2.7,78.9,3.8,,19.5,2,"74,506"
2022-10-03,21.4,76,2.7,98.5,1.06,,20.6,2,"10,809"
2022-10-04,17.9,11.8,2.9,83.8,6.5,,19.7,2,"146,100"
2022-10-05,16.6,0.1,2.1,74.8,15.62,,19.1,2,"179,824"
2022-10-06,15.8,0,2.1,76.6,7.74,,17.4,2,"169,381"
2022-10-07,14.3,,2.5,69.5,15.08,,16.8,2,"181,964"
2022-10-08,15.8,,2.5,64.6,18.48,,17.4,2,"166,740"
2022-10-09,13.1,20.4,2.1,85.8,2.4,,13.9,2,"24,968"
2022-10-10,9.9,0,3.8,72.9,9.31,,11.9,2,"72,486"
2022-10-11,11.1,,2.2,69.1,18.72,,14,2,"157,516"
2022-10-12,13.5,,1.8,68.1,18.13,,14.8,2,"171,262"
2022-10-13,16.3,,1.5,69.6,17.98,,16.8,2,"175,695"
2022-10-14,17.1,,1.6,73.4,13.52,,17.4,2,"180,404"
2022-10-15,18.2,,1.4,68.5,16.21,,18.8,2,"160,508"
2022-10-16,16.9,,1.7,73.9,6.15,,16.1,2,"134,682"
2022-10-17,11.2,,3.4,50.3,18.79,,14.2,2,"149,615"
2022-10-18,9.4,,2.3,52.1,18.27,,12,2,"152,318"
2022-10-19,10.5,,1.8,57.8,17.78,,12.2,2,"159,650"
2022-10-20,12.9,,1.8,64.4,17.2,,14,2,"163,096"
2022-10-21,14,,1.7,68.8,15.16,,14.7,2,"167,708"
2022-10-22,15.1,,1.9,76.3,14.93,,16.4,2,"146,898"
2022-10-23,14,,2.7,65,14.04,,15.8,2,"124,544"
2022-10-24,10.6,,2.8,52.6,16.88,,12.9,2,"147,964"
2022-10-25,11.3,,2,56.5,16.37,,12.7,2,"157,819"
2022-10-26,12.9,,1.9,58.3,12.66,,12.7,2,"163,030"
2022-10-27,13.2,,1.7,71.8,14.31,,14.1,2,"163,519"
2022-10-28,13.6,,1.7,70.1,14.35,,14.2,2,"167,013"
2022-10-29,14.8,,1.8,65.9,14.64,,15.1,2,"146,310"
2022-10-30,14.9,,1.9,64.5,13.64,,15,2,"126,689"
2022-10-31,14.9,,2.1,69.8,13.19,,14.6,2,"160,105"
2022-11-01,13.1,,1.8,73.5,9.52,,13.9,2,"162,918"
2022-11-02,11.1,,1.7,57.1,15.45,,11.9,2,"161,139"
2022-11-03,9.3,0,2,58.1,5.36,,8.9,2,"146,670"
2022-11-04,4.9,,2.9,41.8,15.6,,7.4,2,"127,701"
2022-11-05,6.5,,1.7,51.3,15.06,,7.4,2,"109,291"
2022-11-06,9.6,,1.8,60.5,14.19,,9.7,2,"106,962"
2022-11-07,11.4,0,1.7,64.5,8.35,,11.3,2,"146,674"
2022-11-08,12.9,,1.5,68.3,11.55,,13.1,2,"157,941"
2022-11-09,11.4,,1.5,76,9.82,,10.7,2,"157,102"
2022-11-10,13.5,,1.3,74.5,10.6,,12.8,2,"158,857"
2022-11-11,15.6,,1.8,62.5,11.75,,13.7,2,"165,833"
2022-11-12,16.3,57.9,2.2,80,6.93,,13.9,2,"66,917"
2022-11-13,10.3,,2.6,85.6,3.61,,12.4,2,"87,874"
2022-11-14,9.7,,2.3,74.8,8.25,,10.8,2,"141,077"
2022-11-15,8.1,1.6,2,77.4,6.96,,8.4,2,"125,177"
2022-11-16,8.5,,1.7,71.3,12.11,,8.1,2,"141,697"
2022-11-17,10.2,,1.6,64.6,11.46,,8.6,2,"148,576"
2022-11-18,11,,1.6,69.6,12.08,,8.8,2,"152,302"
2022-11-19,12.9,,2.3,55.8,11.5,,9.8,2,"126,814"
2022-11-20,13.7,,1.7,58.3,11.85,,11,2,"119,927"
2022-11-21,11.8,,1.6,70.5,6.36,,9.3,2,"147,806"
2022-11-22,10.7,0,1.9,69.9,5.55,,9.1,2,"140,744"
2022-11-23,10.8,0,2.1,56,11.6,,9.8,2,"148,238"
2022-11-24,9.4,,1.5,65.6,9.32,,7.8,2,"146,932"
2022-11-25,12.3,1.7,3,67.1,10.66,,9.7,2,"145,164"
2022-11-26,6.7,,3,52.4,11.75,,5.9,2,"90,547"
2022-11-27,5.4,,2.4,43.1,10.15,,3.2,2,"82,725"
2022-11-28,12.3,19.5,2.7,65.5,3.87,,9.2,2,"57,036"
2022-11-29,6.9,3.8,3.5,67,5.34,,8.6,2,"92,580"
2022-11-30,-5.4,,3.9,49.1,12.17,,-0.6,2,"75,346"
2022-12-01,-5.4,,2.4,43.4,10.23,,-2.4,3,"74,904"
2022-12-02,-2.5,,1.7,42,11.87,,-1.8,3,"84,067"
2022-12-03,2.1,1.1,2.6,70.5,6.28,1,1.3,3,"57,915"
2022-12-04,-3.5,,2.8,38.9,6.13,,-1.1,3,"44,873"
2022-12-05,-3.1,,2.4,41.9,11.74,,-2,3,"77,693"
2022-12-06,0.9,0.1,2.4,62.8,9.16,0.3,-0.2,3,"80,832"
2022-12-07,4.9,0.1,2.7,60.4,9.89,,1.6,3,"96,195"
2022-12-08,3.7,,1.4,57.5,9.97,,1.4,3,"100,979"
2022-12-09,4.5,0,2,60.8,7.22,,2.5,3,"102,213"
2022-12-10,2.6,,1.3,46.5,6.71,,1,3,"72,960"
2022-12-11,1.6,,1.8,52.5,11.11,,0.6,3,"60,129"
2022-12-12,2,5.4,1.7,73.4,5.05,,0.3,3,"59,098"
2022-12-13,0,0.6,3.5,70.8,4.85,0.9,1,3,"57,490"
2022-12-14,-8.4,,3.2,50.1,11.41,,-3.7,3,"54,486"
2022-12-15,-4.5,2.4,2.5,79.1,2.17,4.5,-1.7,3,"37,021"
2022-12-16,-6.3,,2,56.9,10.44,,-2,3,"41,953"
2022-12-17,-7,0.2,2.7,52,10.46,0.3,-3.5,3,"31,405"
2022-12-18,-9.5,,2.6,47.1,11.42,,-5.1,3,"25,468"
2022-12-19,-7,,1.7,55.6,8.93,,-4.3,3,"51,854"
2022-12-20,-3.2,,2.2,55.8,10.1,,-3,3,"64,282"
2022-12-21,-0.1,3.6,2.7,82.4,2.48,3.5,-0.6,3,"31,784"
2022-12-22,-7.8,,4.4,60.5,10.05,,-2.6,3,"39,874"
2022-12-23,-11.8,,4.3,60.5,10.76,,-4.4,3,"33,723"
2022-12-24,-8.4,,1.8,54.9,10.92,,-4.3,3,"28,612"
2022-12-25,-5.4,,1.7,66.5,10.89,,-4.6,3,"25,623"
2022-12-26,-3.9,,1.4,68.4,8.27,,-4.1,3,"52,582"
2022-12-27,-2.6,,1.8,69.8,10.25,,-3.2,3,"58,890"
2022-12-28,-3.3,0.1,2.5,58.1,10.86,0.4,-2.9,3,"54,012"
2022-12-29,-2.9,0,1.7,56.3,10.88,,-3.3,3,"57,393"
2022-12-30,-1.8,0,1.9,65.6,10.84,,-2.2,3,"56,058"
2022-12-31,-1.2,0,1.4,65.5,4.16,,-2.2,3,"42,347"
2023-01-01,-0.2,,2.7,54.5,10.81,,-1.4,3,"38,037"
2023-01-02,-4.5,,2.5,45.9,11.63,,-4.2,3,"56,609"
2023-01-03,-5,,1.8,49,11.77,,-4.8,3,"61,252"
2023-01-04,-1.8,,1.9,51.4,10.89,,-2.9,3,"67,721"
2023-01-05,-1.6,,1.6,58.1,6.09,,-3.3,3,"68,711"
2023-01-06,0.6,3.9,2.2,71.9,8.78,3.7,-1.7,3,"63,125"
2023-01-07,1.5,0.1,2.2,80.9,4.78,,0.5,3,"42,492"
2023-01-08,1.3,,1.7,69.3,9.37,,-0.2,3,"44,620"
2023-01-09,3.1,,2.3,60.1,10.53,,1.4,3,"74,134"
2023-01-10,1.6,,1.5,59.9,11.33,,0.2,3,"80,604"
2023-01-11,2.6,,1.6,61.9,10.86,,0.5,3,"81,988"
2023-01-12,5.9,0,2.2,46.6,10.88,,1.1,3,"87,595"
2023-01-13,8.3,37.3,2.5,99.1,1.11,,3.2,3,"20,792"
2023-01-14,6.6,1.6,2.5,92.9,1.84,,3.3,3,"25,896"
2023-01-15,-0.2,3.2,2.8,93.9,1.32,0.6,0.3,3,"21,415"
2023-01-16,-4.6,0,2.7,63.1,12.95,,-0.2,3,"61,311"
2023-01-17,-3.7,0,1.8,65.1,5.27,,-1.2,3,"67,337"
2023-01-18,-1.9,0,2,60.5,12.71,,-0.4,3,"71,361"
2023-01-19,-0.4,1,2.5,69.3,7.63,,-0.9,3,"68,359"
2023-01-20,-3.3,,3.7,52.4,13.49,,-0.5,3,"51,398"
2023-01-21,-4.5,,1.8,55.4,12.37,,-1.8,3,"30,226"
2023-01-22,-0.6,0,2.6,62.8,4.41,,-0.8,3,"22,752"
2023-01-23,-0.8,,2.7,66.6,10.15,,-0.2,3,"30,880"
2023-01-24,-14.7,0,4.6,51.9,14.08,,-6.6,3,"15,265"
2023-01-25,-11.3,0,2.1,45.1,14.08,,-6,3,"38,329"
2023-01-26,-6,0.8,2.5,80.1,4.51,4.5,-2.6,3,"24,340"
2023-01-27,-7.3,,3.5,56.5,14.1,,-3.1,3,"40,221"
2023-01-28,-6,0,2.4,54.9,12.58,,-3.5,3,"35,890"
2023-01-29,-1.8,,2.6,58.3,9.79,,-2.3,3,"38,347"
2023-01-30,-0.9,,2.1,55.9,14.17,,-0.5,3,"65,611"
2023-01-31,2.4,,2.7,69.1,6.5,,-0.4,3,"74,828"
2023-02-01,0.9,,3.2,68.4,13.24,,1.5,3,"72,476"
2023-02-02,-2.4,,2.5,50.3,10.94,,-1.1,3,"70,755"
2023-02-03,-1.6,,2.2,47.4,13.54,,0.4,3,"72,693"
2023-02-04,-0.2,,2,49.8,13.23,,0.4,3,"57,939"
2023-02-05,1.7,,1.8,71,11.35,,0.4,3,"53,806"
2023-02-06,3,,1.6,72.3,10.69,,1.2,3,"81,306"
2023-02-07,3.5,,1.5,72.9,10.12,,1.7,3,"86,528"
2023-02-08,2.1,,2.5,62.1,14.82,,2.2,3,"86,848"
2023-02-09,4,0,2.5,49.9,12.36,,1,3,"89,612"
2023-02-10,3.8,0.6,2.2,79.6,7.07,,2,3,"68,845"
2023-02-11,2.8,,1.8,73,10.9,,1.8,3,"70,625"
2023-02-12,3.7,,1.8,70,8.48,,1.5,3,"60,692"
2023-02-13,5.9,,2.3,66.5,5.44,,1.8,3,"91,952"
2023-02-14,1.7,,2.7,54.9,15.95,,2.6,3,"89,966"
2023-02-15,3.2,,2.5,46.4,15.24,,2.5,3,"94,666"
2023-02-16,2.3,0,2.7,68.3,6.45,,1.8,3,"87,394"
2023-02-17,3.4,,1.8,67.8,13.67,,2.3,3,"95,472"
2023-02-18,5.7,,1.5,58.3,2.91,,2.3,3,"72,419"
2023-02-19,3.5,0.4,3.3,56.1,14.47,,4.3,3,"57,600"
2023-02-20,-0.5,,3.3,46.4,18.16,,1.9,3,"75,725"
2023-02-21,-1.3,,2.1,42.4,18.25,,1.7,3,"81,584"
2023-02-22,1.2,,2.2,50.6,17,,2.2,3,"90,322"
2023-02-23,2.9,,1.9,65.5,15.87,,3.1,3,"94,719"
2023-02-24,3.5,,3,57.9,17.42,,3.7,3,"92,586"
2023-02-25,0.7,,2.9,44,18.6,,2.7,3,"68,023"
2023-02-26,2.2,,2.1,46.6,18.83,,3.3,3,"66,858"
2023-02-27,4.4,,1.9,47.4,18.65,,4,3,"97,898"
2023-02-28,4.3,,2,63.4,10.26,,3.7,3,"102,196"
2023-03-01,6,,3.1,54.4,10.19,,5,0,"79,638"
2023-03-02,2.2,,2.8,37.8,19.45,,3.7,0,"95,453"
2023-03-03,4.6,,2.1,65,15.67,,3.6,0,"107,215"
2023-03-04,7.7,,1.9,68.4,14.91,,7,0,"97,286"
2023-03-05,8,,1.7,54,17.21,,6.6,0,"95,137"
2023-03-06,9.2,,2.1,41.9,18.63,,7,0,"121,403"
2023-03-07,11.7,,2.3,60.9,15.35,,10.4,0,"132,494"
2023-03-08,12.5,1.2,2,66.3,8.39,,9.3,0,"126,428"
2023-03-09,10.3,3.7,2.3,85.9,6.52,,10.2,0,"109,299"
2023-03-10,13.5,,2.1,62.1,17.03,,11,0,"138,823"
2023-03-11,15.2,,2.4,52,16.95,,11.9,0,"129,567"
2023-03-12,5.9,5.6,3.7,68,3.68,,5.8,0,"40,919"
2023-03-13,2.9,,3.2,38.9,20.79,,4.1,0,"103,769"
2023-03-14,9.2,,2.9,45.9,19.73,,8.4,0,"130,020"
2023-03-15,8.6,,3,66.6,5.62,,6.8,0,"123,017"
2023-03-16,4.6,,2.4,36.8,18.09,,4.4,0,"118,553"
2023-03-17,7.2,,1.7,34.3,13.94,,5.4,0,"128,106"
2023-03-18,7.7,,2.6,46.4,19.07,,8.9,0,"114,617"
2023-03-19,8.3,,2.1,59.6,21.25,,10.1,0,"110,627"
2023-03-20,9.5,,1.6,50.4,20.06,,10.9,0,"131,591"
2023-03-21,13,,1.7,35.1,21.6,,13.1,0,"150,433"
2023-03-22,17,,1.8,44.8,16.64,,15.5,0,"154,551"
2023-03-23,17.4,0,2.5,48.9,14.5,,16.7,0,"146,757"
2023-03-24,12.5,,2.3,36.8,16.13,,13.1,0,"149,034"
2023-03-25,12.5,,2.3,59.9,15.13,,15.3,0,"136,959"
2023-03-26,9.4,,3.6,34,24.36,,13.6,0,"121,288"
2023-03-27,7.3,,2.3,44.8,22.88,,11.8,0,"137,985"
2023-03-28,9.2,,2.1,53.3,18.44,,11.6,0,"151,848"
2023-03-29,11.8,,1.9,50.3,21.79,,13.8,0,"161,395"
2023-03-30,13.3,,2.2,42.5,23.58,,15.3,0,"167,433"
2023-03-31,15,,2.1,42.5,22.99,,16.9,0,"173,890"
2023-04-01,17.5,,1.8,40.4,21.48,,17.9,0,"171,977"
2023-04-02,18.8,,2.4,29.6,24.08,,19.7,0,"172,417"
2023-04-03,19,,2.3,29.4,22.95,,20.1,0,"181,275"
2023-04-04,17.6,6.9,2.6,40.4,10.78,,18.5,0,"136,861"
2023-04-05,11.9,50.3,3.4,97.8,1.56,,12.5,0,"23,103"
2023-04-06,8.8,2.7,2.5,94.6,2.15,,10,0,"62,143"
2023-04-07,8.9,,2.9,65,23.34,,11.9,0,"140,643"
2023-04-08,8.8,,3.2,51.1,25.74,,11.7,0,"131,981"
2023-04-09,10.8,,2.5,56.8,25.54,,13.1,0,"131,332"
2023-04-10,13.2,,2.7,50.8,22.29,,14.1,0,"163,117"
2023-04-11,13.1,2.9,3.6,73.4,2.01,,11,0,"105,357"
2023-04-12,10.1,,2.7,45.1,24.87,,11.9,0,"143,620"
2023-04-13,11.9,0,1.8,45,16.17,,11.9,0,"148,980"
2023-04-14,16.2,,1.6,58.6,14.25,,15.1,0,"167,790"
2023-04-15,13.5,4.6,2.2,81.8,9.5,,15.8,0,"97,305"
2023-04-16,10.8,0,2.5,71.4,14.45,,12.4,0,"112,187"
2023-04-17,13.1,,2,59,17.76,,14.6,0,"160,891"
2023-04-18,14,1.5,2.7,78.6,10.85,,15.7,0,"106,064"
2023-04-19,19.1,,2.4,66.1,27.82,,21.3,0,"180,747"
2023-04-20,15.8,0.5,2.4,92.1,4.12,,16.1,0,"150,795"
2023-04-21,16.7,,2.5,50.4,21.05,,19.1,0,"177,951"
2023-04-22,16.9,,2.6,22.9,21.2,,18.3,0,"158,022"
2023-04-23,16.1,,2.1,34.1,19.47,,16.9,0,"140,444"
2023-04-24,15.8,,2.7,40.5,20.31,,18.8,0,"170,623"
2023-04-25,10.9,0.4,1.9,68.6,5.22,,12,0,"88,208"
2023-04-26,10.2,0,3.1,69.9,15.52,,16.6,0,"153,562"
2023-04-27,12.9,,1.9,61.6,26.55,,18.3,0,"174,520"
2023-04-28,15.7,1.9,2.1,62,21.25,,19.9,0,"165,729"
2023-04-29,13.2,25.1,2.9,88.1,6.04,,15.3,0,"51,329"
2023-04-30,12.7,0.1,3.3,72.9,19.71,,16.4,0,"113,123"
2023-05-01,14.6,,2.5,57,26.8,,18.2,0,"169,163"
2023-05-02,16.7,,2.1,40.5,21.58,,16.8,0,"181,358"
2023-05-03,19.5,,2.1,52.5,26.2,,22.6,0,"191,700"
2023-05-04,21.4,,2.1,65.5,16.89,,22.2,0,"177,946"
2023-05-05,18.4,30.2,2.5,95.3,1.74,,18.5,0,"15,582"
2023-05-06,12.6,47.5,5.4,85.6,5.42,,13.2,0,"38,108"
2023-05-07,14.4,,2.6,47.1,12.18,,13.9,0,"122,748"
2023-05-08,15.3,,2.2,55.3,28.55,,18.1,0,"178,650"
2023-05-09,17,,2.3,55.4,28.29,,20.5,0,"186,373"
2023-05-10,18.4,,1.8,53.3,25.58,,21.3,0,"188,820"
2023-05-11,19.5,,2.3,50.1,27.64,,23.7,0,"188,666"
2023-05-12,18.4,,1.8,50.9,19.9,,21.7,0,"191,294"
2023-05-13,17.8,0,2,62,23.86,,24.2,0,"164,530"
2023-05-14,18.1,,2,56.5,25.41,,24.3,0,"159,839"
2023-05-15,20.6,,2.4,54.6,26.49,,25,0,"191,110"
2023-05-16,24,,2.5,51.9,27.62,,30.3,0,"191,713"
2023-05-17,23.5,,3.4,63.6,27.59,,30.7,0,"193,524"
2023-05-18,21.2,1.3,2.1,74.8,13.7,,21.6,0,"175,236"
2023-05-19,22.3,,2.3,61.4,25.57,,27.2,0,"200,052"
2023-05-20,21.2,,3,66.9,25.72,,28.7,0,"170,201"
2023-05-21,17.8,0.2,3,74,20.72,,24.5,0,"146,665"
2023-05-22,20.3,0,1.9,61.3,23.93,,25.9,0,"178,834"
2023-05-23,20.5,,2.2,48,29.85,,28.6,0,"199,093"
2023-05-24,20.6,,2,49.8,19.16,,25.1,0,"197,705"
2023-05-25,21.2,0,2.4,46.6,27.9,,29,0,"194,905"
2023-05-26,21.4,0.5,2.1,57.4,26.25,,29.7,0,"195,431"
2023-05-27,19.3,31.8,1.7,87.4,3.13,,19.6,0,"31,642"
2023-05-28,19.2,41.8,1.8,98.9,2.46,,19.6,0,"4,992"
2023-05-29,23.2,2.3,1.6,83.4,15.87,,24.2,0,"142,076"
2023-05-30,24,,2.2,69.5,18.2,,25.6,0,"188,617"
2023-05-31,22.8,,2.5,60.8,23.98,,25.8,0,"196,321"
2023-06-01,22.8,,1.9,66.9,15.18,,24.3,1,"199,164"
2023-06-02,20.4,0,2.3,77.4,14.24,,23.3,1,"201,999"
2023-06-03,22,,2.7,60.1,31.19,,28.3,1,"170,766"
2023-06-04,22.1,,2.4,61,28.74,,29.1,1,"155,376"
2023-06-05,21.5,,2.6,66.9,26.6,,29.1,1,"194,306"
2023-06-06,20.3,0,2.6,72.9,21.98,,24.5,1,"167,366"
2023-06-07,21.4,0,2.1,75.3,10.07,,24.1,1,"196,585"
2023-06-08,20.4,1.9,2.4,80.5,10.19,,23.5,1,"169,188"
2023-06-09,23.3,1.2,2,64,28.15,,30.3,1,"193,084"
2023-06-10,23.2,0.8,2.3,70,18.18,,26.6,1,"141,922"
2023-06-11,22.1,32.2,2.2,76.1,21.1,,23.6,1,"131,271"
2023-06-12,22.2,0,1.7,70.5,19.9,,24.3,1,"183,371"
2023-06-13,22,0,2.2,70,25.43,,28.2,1,"203,584"
2023-06-14,20.6,30.6,1.5,80.3,13.12,,20.3,1,"189,563"
2023-06-15,22.7,,2.1,70.8,25.05,,26.5,1,"199,265"
2023-06-16,23.7,,2.1,64.4,29.89,,27.8,1,"200,404"
2023-06-17,24.2,,2,57.1,27.4,,28.7,1,"164,879"
2023-06-18,25.9,,2,60.5,28.79,,31.6,1,"140,332"
2023-06-19,28.5,,2.2,57.8,25.29,,32.8,1,"181,878"
2023-06-20,24.7,6.4,1.9,64.5,5.89,,23.7,1,"161,787"
2023-06-21,20.5,24.9,2.1,92.6,4.79,,21.9,1,"93,551"
2023-06-22,22.5,0,2.2,77.1,21.48,,26.2,1,"192,382"
2023-06-23,24.4,,1.5,76.6,18.74,,26.2,1,"196,517"
2023-06-24,26.4,,2,70.5,21.93,,27.4,1,"155,928"
2023-06-25,28.2,,2.1,64.9,23.62,,30.8,1,"133,566"
2023-06-26,24.2,30.3,2.9,88.6,3.39,,24,1,"179,792"
2023-06-27,25.3,2.5,3.2,73.1,20.95,,27.6,1,"185,929"
2023-06-28,26.5,0,2.5,77.4,18.56,,28.5,1,"35,326"
2023-06-29,24.2,63.8,2.3,95.4,2.31,,24.6,1,"155,252"
